sgis_adm_cd,resident_adm_code,district_name,adm_name,full_adm_name,population,age_60_69,age_70_79,age_80_89,age_90_99,age_100_plus,elderly_population_60_plus,elderly_ratio_60_plus,area_km2,elderly_density_per_km2,green_ratio_percent,shelter_count,shelter_capacity_total,shelters_per_1000_elderly,capacity_per_1000_elderly,coverage_ratio_500m_area,coverage_gap_500m_area,nearest_shelter_distance_m_centroid,estimated_covered_elderly_area,estimated_uncovered_elderly_area,grid_cell_count_100m,grid_population_total,grid_accessibility_index_exp_d_300,grid_accessibility_lack_score,grid_population_weighted_accessibility_index,grid_population_weighted_accessibility_lack_score,grid_mean_nearest_shelter_distance_m,grid_beyond_500m_ratio,heat_score,vulnerability_score,access_score_existing_area_based,priority_score_existing_pipeline,shelter_source_mode,boundary_source
22520111,2772025000,군위군,군위읍,대구광역시 군위군 군위읍,7882,1767,1213,656,150,1,3787,0.480462,83.71393,45.237,68.6,3,60.0,0.792,15.844,0.02319,0.97681,4707.014,87.8,3699.2,8368,8612.0,0.013726,98.627,0.027942,97.206,5262.613,0.976577,0.0,34.84,100.0,42.194,cache,SGIS 2025 adm_cd=22 low_search=2
22520313,2772033000,군위군,부계면,대구광역시 군위군 부계면,2103,647,456,262,56,0,1421,0.675701,64.774426,21.938,82.3,17,380.0,11.963,267.417,0.181985,0.818015,487.074,258.6,1162.4,6480,2715.0,0.101747,89.825,0.380864,61.914,1284.186,0.81713,0.0,54.896,41.23,31.583,cache,SGIS 2025 adm_cd=22 low_search=2
22520316,2772036000,군위군,산성면,대구광역시 군위군 산성면,1198,379,294,175,44,1,893,0.745409,37.324237,23.925,73.8,15,291.0,16.797,325.868,0.263146,0.736854,571.253,235.0,658.0,3732,1396.0,0.14338,85.662,0.507986,49.201,850.54,0.73821,0.0,60.003,40.494,33.149,cache,SGIS 2025 adm_cd=22 low_search=2
22520317,2772037000,군위군,삼국유사면,대구광역시 군위군 삼국유사면,1327,441,348,178,31,0,998,0.752072,114.395751,8.724,88.7,19,484.0,19.038,484.97,0.124729,0.875271,1644.068,124.5,873.5,11450,1726.0,0.074811,92.519,0.407011,59.299,1257.874,0.87441,0.0,60.0,73.446,43.034,cache,SGIS 2025 adm_cd=22 low_search=2
22520311,2772031000,군위군,소보면,대구광역시 군위군 소보면,2214,673,507,337,64,1,1582,0.714544,99.775173,15.856,76.0,0,0.0,0.0,0.0,0.0,1.0,10967.195,0.0,1582.0,9981,2854.0,0.0,100.0,0.0,100.0,11264.093,1.0,0.0,58.904,100.0,50.616,cache,SGIS 2025 adm_cd=22 low_search=2
22520314,2772034000,군위군,우보면,대구광역시 군위군 우보면,1935,612,463,268,60,0,1403,0.725065,60.172474,23.316,75.1,23,406.0,16.393,289.38,0.240603,0.759397,763.754,337.6,1065.4,6008,2215.0,0.133045,86.696,0.431446,56.855,889.382,0.758822,0.0,59.99,46.324,34.894,cache,SGIS 2025 adm_cd=22 low_search=2
22520315,2772035000,군위군,의흥면,대구광역시 군위군 의흥면,2216,655,559,333,71,0,1618,0.730144,54.551025,29.66,70.0,28,549.0,17.305,339.308,0.304338,0.695662,416.412,492.4,1125.6,5448,2629.0,0.158774,84.123,0.53595,46.405,814.742,0.694567,0.0,60.026,34.973,31.501,cache,SGIS 2025 adm_cd=22 low_search=2
22520312,2772032000,군위군,효령면,대구광역시 군위군 효령면,3629,1112,848,426,80,0,2466,0.679526,98.356225,25.072,78.9,34,717.0,13.788,290.754,0.23065,0.76935,408.469,568.8,1897.2,9834,4514.0,0.125838,87.416,0.408458,59.154,992.787,0.769067,0.0,55.298,37.425,30.582,cache,SGIS 2025 adm_cd=22 low_search=2
22040650,2720065000,남구,대명10동,대구광역시 남구 대명10동,7759,1549,1215,619,81,2,3466,0.446707,0.522085,6638.761,9.9,5,644.0,1.443,185.805,1.0,0.0,169.676,3466.0,0.0,54,8451.0,0.635343,36.466,0.641858,35.814,144.897,0.0,0.0,58.516,3.433,21.511,cache,SGIS 2025 adm_cd=22 low_search=2
22040660,2720066000,남구,대명11동,대구광역시 남구 대명11동,7108,1604,1210,558,92,1,3465,0.487479,0.906231,3823.527,36.4,2,24.0,0.577,6.926,0.688806,0.311194,234.611,2386.7,1078.3,93,8333.0,0.352311,64.769,0.518904,48.11,401.229,0.311828,0.0,51.127,16.358,22.802,cache,SGIS 2025 adm_cd=22 low_search=2
22040560,2720056000,남구,대명1동,대구광역시 남구 대명1동,9187,1748,1263,545,81,2,3639,0.396103,0.46276,7863.68,0.0,4,66.0,1.099,18.137,1.0,0.0,199.713,3639.0,0.0,45,9288.0,0.568972,43.103,0.55671,44.329,184.418,0.0,0.0,58.34,4.216,21.684,cache,SGIS 2025 adm_cd=22 low_search=2
22040570,2720057100,남구,대명2동,대구광역시 남구 대명2동,15180,1866,1334,645,104,1,3950,0.260211,0.81483,4847.634,9.2,4,240.0,1.013,60.759,1.0,0.0,125.681,3950.0,0.0,84,11843.0,0.551143,44.886,0.520507,47.949,192.304,0.0,0.0,31.895,2.287,11.849,cache,SGIS 2025 adm_cd=22 low_search=2
22040580,2720058600,남구,대명3동,대구광역시 남구 대명3동,12100,2029,1526,677,109,1,4342,0.358843,1.018661,4262.46,8.5,2,49.0,0.461,11.285,0.995991,0.004009,70.266,4324.6,17.4,99,10563.0,0.449662,55.034,0.470295,52.97,258.143,0.0,0.0,39.662,0.987,14.178,cache,SGIS 2025 adm_cd=22 low_search=2
22040590,2720059000,남구,대명4동,대구광역시 남구 대명4동,8958,1952,1412,640,94,2,4100,0.457691,0.720205,5692.824,7.3,4,148.0,0.976,36.098,0.999979,2.1e-05,134.935,4099.9,0.1,71,9581.0,0.524245,47.575,0.542794,45.721,213.234,0.0,0.0,55.753,2.529,20.272,cache,SGIS 2025 adm_cd=22 low_search=2
22040600,2720060000,남구,대명5동,대구광역시 남구 대명5동,8858,1114,742,358,65,0,2279,0.257282,0.918119,2482.249,27.3,3,56.0,1.316,24.572,0.988662,0.011338,176.069,2253.2,25.8,95,6817.0,0.415835,58.417,0.426838,57.316,286.289,0.0,0.0,21.849,4.009,8.85,cache,SGIS 2025 adm_cd=22 low_search=2
22040610,2720061000,남구,대명6동,대구광역시 남구 대명6동,10238,1720,1249,520,103,2,3594,0.351045,1.80921,1986.503,64.7,5,98.0,1.391,27.268,0.417244,0.582756,613.025,1499.6,2094.4,186,10924.0,0.25419,74.581,0.587997,41.2,777.275,0.586022,0.0,29.482,36.02,21.125,cache,SGIS 2025 adm_cd=22 low_search=2
22040640,2720064000,남구,대명9동,대구광역시 남구 대명9동,13012,2357,1680,793,121,0,4951,0.380495,3.139672,1576.916,63.3,4,79.0,0.808,15.956,0.446661,0.553339,744.884,2211.4,2739.6,350,18077.0,0.238078,76.192,0.446896,55.31,771.499,0.497143,0.0,30.834,38.395,22.31,cache,SGIS 2025 adm_cd=22 low_search=2
22040530,2720053000,남구,봉덕1동,대구광역시 남구 봉덕1동,7618,1486,1070,588,121,2,3267,0.428853,0.517886,6308.339,2.7,7,188.0,2.143,57.545,1.0,0.0,77.365,3267.0,0.0,48,7417.0,0.639533,36.047,0.625233,37.477,140.335,0.0,0.0,55.313,1.028,19.668,cache,SGIS 2025 adm_cd=22 low_search=2
22040540,2720054000,남구,봉덕2동,대구광역시 남구 봉덕2동,12787,2013,1521,745,168,3,4450,0.34801,3.257012,1366.283,73.6,2,26.0,0.449,5.843,0.367138,0.632862,943.887,1633.8,2816.2,329,12792.0,0.176342,82.366,0.474927,52.507,1034.714,0.62614,0.0,26.615,46.451,23.25,cache,SGIS 2025 adm_cd=22 low_search=2
22040550,2720055000,남구,봉덕3동,대구광역시 남구 봉덕3동,13863,2537,1916,1006,187,2,5648,0.407415,2.598104,2173.893,64.6,3,102.0,0.531,18.059,0.612574,0.387426,324.816,3459.8,2188.2,259,14248.0,0.267314,73.269,0.487505,51.249,691.125,0.389961,0.0,36.071,21.46,19.063,cache,SGIS 2025 adm_cd=22 low_search=2
22040510,2720051500,남구,이천동,대구광역시 남구 이천동,14184,1970,1527,950,175,4,4626,0.326142,1.097431,4215.298,28.8,4,121.0,0.865,26.157,1.0,0.0,287.797,4626.0,0.0,113,13379.0,0.491473,50.853,0.485735,51.427,228.675,0.0,0.0,36.093,6.511,14.586,cache,SGIS 2025 adm_cd=22 low_search=2
22070570,2729055500,달서구,감삼동,대구광역시 달서구 감삼동,31072,4372,2254,784,80,1,7491,0.241085,1.097521,6825.38,1.3,7,219.0,0.934,29.235,0.954768,0.045232,287.475,7152.2,338.8,107,29395.0,0.523396,47.66,0.452865,54.714,216.779,0.037383,0.0,38.068,8.135,15.764,cache,SGIS 2025 adm_cd=22 low_search=2
22070680,2729062800,달서구,도원동,대구광역시 달서구 도원동,30811,6944,3519,1298,239,6,12006,0.389666,10.681809,1123.967,82.2,16,543.0,1.333,45.227,0.23521,0.76479,820.365,2823.9,9182.1,1067,32677.0,0.138246,86.175,0.688611,31.139,1084.763,0.765698,0.0,29.915,47.994,24.868,cache,SGIS 2025 adm_cd=22 low_search=2
22070760,2729053500,달서구,두류1.2동,대구광역시 달서구 두류1·2동,15573,2638,1748,852,97,1,5336,0.342644,1.25215,4261.472,19.5,6,328.0,1.124,61.469,0.985948,0.014052,137.875,5261.0,75.0,126,14182.0,0.499926,50.007,0.568881,43.112,227.571,0.015873,0.0,37.986,3.112,14.229,cache,SGIS 2025 adm_cd=22 low_search=2
22070550,2729055000,달서구,두류3동,대구광역시 달서구 두류3동,8896,1570,1100,517,74,1,3262,0.366682,1.207868,2700.627,47.1,7,165.0,2.146,50.582,0.86776,0.13224,206.924,2830.6,431.4,119,8624.0,0.456138,54.386,0.657752,34.225,278.319,0.142857,0.0,34.037,9.177,14.666,cache,SGIS 2025 adm_cd=22 low_search=2
22070710,2729065000,달서구,본동,대구광역시 달서구 본동,13106,2426,1427,582,120,1,4556,0.347627,1.12969,4032.965,30.9,8,275.0,1.756,60.36,1.0,0.0,106.083,4556.0,0.0,112,12903.0,0.565211,43.479,0.6296,37.04,185.746,0.0,0.0,37.559,1.776,13.679,cache,SGIS 2025 adm_cd=22 low_search=2
22070560,2729059000,달서구,본리동,대구광역시 달서구 본리동,22922,3461,1660,527,99,2,5749,0.250807,1.090608,5271.373,5.5,5,171.0,0.87,29.744,1.0,0.0,326.192,5749.0,0.0,108,22245.0,0.523616,47.638,0.526396,47.36,206.331,0.0,0.0,32.67,7.512,13.688,cache,SGIS 2025 adm_cd=22 low_search=2
22070650,2729062400,달서구,상인1동,대구광역시 달서구 상인1동,31853,5576,3078,1136,211,2,10003,0.314036,1.496466,6684.417,11.9,6,469.0,0.6,46.886,0.961371,0.038629,110.384,9616.6,386.4,153,32867.0,0.462395,53.761,0.466508,53.349,256.184,0.039216,0.0,45.015,3.282,16.74,cache,SGIS 2025 adm_cd=22 low_search=2
22070660,2729062500,달서구,상인2동,대구광역시 달서구 상인2동,16678,3309,1743,654,97,1,5804,0.348003,0.922777,6289.71,2.4,6,250.0,1.034,43.074,1.0,0.0,65.078,5804.0,0.0,96,17938.0,0.566282,43.372,0.545021,45.498,182.267,0.0,0.0,46.894,0.707,16.625,cache,SGIS 2025 adm_cd=22 low_search=2
22070670,2729062600,달서구,상인3동,대구광역시 달서구 상인3동,9403,2528,1931,771,147,4,5381,0.572264,3.634799,1480.412,83.7,2,102.0,0.372,18.956,0.222626,0.777374,1329.71,1197.9,4183.1,359,8966.0,0.112242,88.776,0.415127,58.487,1309.299,0.777159,0.0,50.225,61.721,36.095,cache,SGIS 2025 adm_cd=22 low_search=2
22070750,2729051500,달서구,성당동,대구광역시 달서구 성당동,19858,3820,2613,1035,169,4,7641,0.384782,1.996126,3827.915,25.7,9,369.0,1.178,48.292,0.898122,0.101878,198.635,6862.5,778.5,203,21254.0,0.491282,50.872,0.558053,44.195,248.116,0.108374,0.0,40.549,7.865,16.551,cache,SGIS 2025 adm_cd=22 low_search=2
22070690,2729063000,달서구,송현1동,대구광역시 달서구 송현1동,15838,3282,2198,921,149,3,6553,0.413752,2.442028,2683.425,56.1,6,206.0,0.916,31.436,0.569907,0.430093,403.811,3734.6,2818.4,241,16956.0,0.2992,70.08,0.563423,43.658,568.351,0.427386,0.0,38.824,25.058,21.106,cache,SGIS 2025 adm_cd=22 low_search=2
22070700,2729064000,달서구,송현2동,대구광역시 달서구 송현2동,17538,3545,2440,1092,197,2,7276,0.414871,0.969042,7508.448,1.6,6,213.0,0.825,29.274,1.0,0.0,118.188,7276.0,0.0,99,17672.0,0.5949,40.51,0.587618,41.238,165.206,0.0,0.0,58.814,2.091,21.212,cache,SGIS 2025 adm_cd=22 low_search=2
22070610,2729058500,달서구,신당동,대구광역시 달서구 신당동,27779,4707,2430,1070,165,1,8373,0.301415,9.049239,925.271,30.4,14,364.0,1.672,43.473,0.434475,0.565525,543.926,3637.9,4735.1,910,39872.0,0.227985,77.201,0.470772,52.923,598.697,0.565934,0.0,19.99,33.598,17.076,cache,SGIS 2025 adm_cd=22 low_search=2
22070720,2729057100,달서구,용산1동,대구광역시 달서구 용산1동,27761,5049,2145,880,117,2,8193,0.295126,1.312118,6244.103,13.1,5,175.0,0.61,21.36,0.812863,0.187137,312.75,6659.8,1533.2,134,28551.0,0.378142,62.186,0.379611,62.039,335.955,0.186567,0.0,41.25,13.916,18.612,cache,SGIS 2025 adm_cd=22 low_search=2
22070730,2729057200,달서구,용산2동,대구광역시 달서구 용산2동,24538,5110,1967,810,117,2,8006,0.326269,1.562315,5124.446,38.4,6,786.0,0.749,98.176,0.817203,0.182797,185.426,6542.5,1463.5,155,25754.0,0.409137,59.086,0.458267,54.173,316.742,0.174194,0.0,39.851,10.442,17.08,cache,SGIS 2025 adm_cd=22 low_search=2
22070770,2729060100,달서구,월성1동,대구광역시 달서구 월성1동,39381,3216,1707,590,124,0,5637,0.14314,1.907374,2955.372,20.3,4,174.0,0.71,30.867,0.713544,0.286456,90.22,4022.2,1614.8,191,39204.0,0.331477,66.852,0.402687,59.731,397.431,0.293194,0.0,12.077,11.702,7.738,cache,SGIS 2025 adm_cd=22 low_search=2
22070630,2729060200,달서구,월성2동,대구광역시 달서구 월성2동,13389,2828,2453,1105,168,1,6555,0.489581,6.939133,944.642,16.8,7,301.0,1.068,45.919,0.196623,0.803377,1036.645,1288.9,5266.1,695,15392.0,0.134083,86.592,0.596356,40.364,846.821,0.802878,0.0,39.486,55.022,30.327,cache,SGIS 2025 adm_cd=22 low_search=2
22070790,2729061700,달서구,유천동,대구광역시 달서구 유천동,32849,2302,1004,299,31,1,3637,0.110719,1.243961,2923.725,18.6,1,60.0,0.275,16.497,0.819399,0.180601,75.361,2980.2,656.8,126,32264.0,0.333157,66.684,0.360922,63.908,361.285,0.18254,0.0,11.947,7.494,6.43,cache,SGIS 2025 adm_cd=22 low_search=2
22070600,2729057600,달서구,이곡1동,대구광역시 달서구 이곡1동,19599,3763,1485,623,103,2,5976,0.304914,1.847178,3235.206,38.9,4,221.0,0.669,36.981,0.813643,0.186357,320.703,4862.3,1113.7,184,21100.0,0.384991,61.501,0.448561,55.144,337.118,0.201087,0.0,29.866,14.095,14.682,cache,SGIS 2025 adm_cd=22 low_search=2
22070740,2729057700,달서구,이곡2동,대구광역시 달서구 이곡2동,14013,3182,1422,486,65,0,5155,0.367873,2.198668,2344.601,23.9,7,265.0,1.358,51.406,0.526066,0.473934,280.991,2711.9,2443.1,216,15359.0,0.301927,69.807,0.543513,45.649,482.668,0.458333,0.0,32.694,23.44,18.475,cache,SGIS 2025 adm_cd=22 low_search=2
22070590,2729056800,달서구,장기동,대구광역시 달서구 장기동,15302,2605,1441,575,73,2,4696,0.306888,2.746845,1709.598,25.2,5,229.0,1.065,48.765,0.704859,0.295141,541.95,3310.0,1386.0,276,16460.0,0.328612,67.139,0.441418,55.858,400.68,0.300725,0.0,23.785,23.787,15.461,cache,SGIS 2025 adm_cd=22 low_search=2
22070580,2729056300,달서구,죽전동,대구광역시 달서구 죽전동,14290,2531,1413,515,72,2,4533,0.317215,0.776501,5837.728,2.8,5,161.0,1.103,35.517,1.0,0.0,235.632,4533.0,0.0,78,14042.0,0.578289,42.171,0.558436,44.156,176.384,0.0,0.0,41.855,5.152,16.195,cache,SGIS 2025 adm_cd=22 low_search=2
22070780,2729061500,달서구,진천동,대구광역시 달서구 진천동,49142,8211,4422,1727,316,3,14679,0.298706,5.061018,2900.405,51.9,6,336.0,0.409,22.89,0.438926,0.561074,576.107,6443.0,8236.0,506,49008.0,0.235498,76.45,0.412059,58.794,606.147,0.565217,0.0,27.846,34.276,20.029,cache,SGIS 2025 adm_cd=22 low_search=2
22510310,2771031000,달성군,가창면,대구광역시 달성군 가창면,6692,1609,1297,620,183,7,3716,0.55529,110.016249,33.777,87.2,29,1029.0,7.804,276.911,0.15707,0.84293,697.473,583.7,3132.3,11002,7708.0,0.08853,91.147,0.508313,49.169,1215.923,0.842756,0.0,42.514,47.612,29.164,cache,SGIS 2025 adm_cd=22 low_search=2
22510360,2771038000,달성군,구지면,대구광역시 달성군 구지면,18806,2111,1120,507,105,1,3844,0.204403,38.819287,99.023,43.9,39,1256.0,10.146,326.743,0.4227,0.5773,468.195,1624.9,2219.1,3881,20822.0,0.21711,78.289,0.482607,51.739,591.896,0.574852,0.0,6.576,32.05,11.917,cache,SGIS 2025 adm_cd=22 low_search=2
22510120,2771025300,달성군,논공읍,대구광역시 달성군 논공읍,14736,3108,1499,698,113,2,5420,0.367807,44.526173,121.726,58.6,23,973.0,4.244,179.52,0.227081,0.772919,983.745,1230.8,4189.2,4455,20329.0,0.126069,87.393,0.508512,49.149,928.052,0.771268,0.0,23.531,52.545,23.999,cache,SGIS 2025 adm_cd=22 low_search=2
22510130,2771025600,달성군,다사읍,대구광역시 달성군 다사읍,88806,11199,5409,1773,247,8,18636,0.209851,36.166874,515.278,57.0,36,2057.0,1.932,110.378,0.306379,0.693621,892.243,5709.7,12926.3,3614,90910.0,0.174222,82.578,0.453009,54.699,701.874,0.691754,0.0,8.853,47.298,17.288,cache,SGIS 2025 adm_cd=22 low_search=2
22510150,2771026200,달성군,옥포읍,대구광역시 달성군 옥포읍,22094,4323,2511,895,130,1,7860,0.355753,46.725508,168.216,63.5,18,795.0,2.29,101.145,0.236841,0.763159,605.653,1861.6,5998.4,4660,23011.0,0.12681,87.319,0.371129,62.887,1050.53,0.762017,0.0,22.479,42.34,20.57,cache,SGIS 2025 adm_cd=22 low_search=2
22510140,2771025900,달성군,유가읍,대구광역시 달성군 유가읍,31210,2666,1294,443,82,0,4485,0.143704,56.31046,79.648,75.4,21,736.0,4.682,164.103,0.239782,0.760218,1498.502,1075.4,3409.6,5620,30865.0,0.125311,87.469,0.203488,79.651,1092.759,0.760498,0.0,0.233,65.5,19.732,cache,SGIS 2025 adm_cd=22 low_search=2
22510320,2771033000,달성군,하빈면,대구광역시 달성군 하빈면,3096,983,566,342,82,2,1975,0.63792,38.872721,50.807,53.6,29,1054.0,14.684,533.671,0.452285,0.547715,583.926,893.3,1081.7,3889,3880.0,0.219827,78.017,0.482597,51.74,571.712,0.547442,0.0,51.111,33.997,28.088,cache,SGIS 2025 adm_cd=22 low_search=2
22510160,2771026500,달성군,현풍읍,대구광역시 달성군 현풍읍,20850,2957,1802,723,143,1,5626,0.269832,25.064701,224.459,46.6,25,1078.0,4.444,191.61,0.364816,0.635184,722.289,2052.5,3573.5,2512,23960.0,0.194059,80.594,0.404045,59.596,646.195,0.634952,0.0,13.844,40.76,17.074,cache,SGIS 2025 adm_cd=22 low_search=2
22510110,2771025000,달성군,화원읍,대구광역시 달성군 화원읍,45279,9230,4733,1782,277,4,16026,0.353939,26.397206,607.11,68.0,36,1410.0,2.246,87.982,0.327201,0.672799,739.138,5243.7,10782.3,2639,45837.0,0.180499,81.95,0.631334,36.867,862.969,0.672224,0.0,24.099,42.557,21.202,cache,SGIS 2025 adm_cd=22 low_search=2
22020710,2714076000,동구,공산동,대구광역시 동구 공산동,19641,3823,2739,1321,277,4,8164,0.415661,83.431132,97.853,81.4,5,337.0,0.612,41.279,0.026991,0.973009,2523.433,220.4,7943.6,8348,21102.0,0.017383,98.262,0.263335,73.666,3074.044,0.972928,0.0,28.371,99.767,39.86,cache,SGIS 2025 adm_cd=22 low_search=2
22020620,2714061500,동구,도평동,대구광역시 동구 도평동,3355,733,520,267,50,0,1570,0.467958,21.135566,74.282,82.9,1,83.0,0.637,52.866,0.030409,0.969591,2970.522,47.7,1522.3,2120,3591.0,0.019207,98.079,0.287324,71.268,2326.738,0.96934,0.0,33.67,99.998,41.784,cache,SGIS 2025 adm_cd=22 low_search=2
22020660,2714065500,동구,동촌동,대구광역시 동구 동촌동,13744,2861,1927,914,120,3,5825,0.423821,3.197491,1821.741,61.2,6,166.0,1.03,28.498,0.549899,0.450101,343.762,3203.2,2621.8,323,14240.0,0.28827,71.173,0.492745,50.725,499.736,0.452012,0.0,36.313,24.216,19.974,cache,SGIS 2025 adm_cd=22 low_search=2
22020680,2714067000,동구,방촌동,대구광역시 동구 방촌동,16667,3692,2480,1155,222,6,7555,0.453291,1.349995,5596.316,13.8,7,220.0,0.927,29.12,0.951795,0.048205,280.869,7190.8,364.2,135,16921.0,0.481864,51.814,0.565712,43.429,244.861,0.044444,0.0,54.902,8.071,21.637,cache,SGIS 2025 adm_cd=22 low_search=2
22020630,2714062000,동구,불로.봉무동,대구광역시 동구 불로·봉무동,19329,3031,1898,735,114,3,5781,0.299084,7.619523,758.709,49.2,6,195.0,1.038,33.731,0.418859,0.581141,158.738,2421.4,3359.6,756,19607.0,0.208255,79.175,0.432808,56.719,623.83,0.582011,0.0,19.063,24.124,13.91,cache,SGIS 2025 adm_cd=22 low_search=2
22020510,2714051000,동구,신암1동,대구광역시 동구 신암1동,10724,1570,1230,717,91,2,3610,0.336628,0.599886,6017.809,6.5,2,22.0,0.554,6.094,0.985181,0.014819,213.923,3556.5,53.5,61,10575.0,0.493853,50.615,0.495841,50.416,235.823,0.016393,0.0,44.6,5.121,17.146,cache,SGIS 2025 adm_cd=22 low_search=2
22020520,2714052000,동구,신암2동,대구광역시 동구 신암2동,11405,1574,1185,618,97,1,3475,0.304691,0.357112,9730.85,1.3,3,118.0,0.863,33.957,1.0,0.0,211.541,3475.0,0.0,35,11819.0,0.608151,39.185,0.628034,37.197,159.125,0.0,0.0,56.599,4.524,21.167,cache,SGIS 2025 adm_cd=22 low_search=2
22020530,2714053000,동구,신암3동,대구광역시 동구 신암3동,11129,1392,1042,465,63,1,2963,0.266241,0.616483,4806.295,4.0,5,180.0,1.687,60.749,1.0,0.0,200.067,2963.0,0.0,61,11382.0,0.566015,43.398,0.600143,39.986,181.589,0.0,0.0,32.347,4.225,12.589,cache,SGIS 2025 adm_cd=22 low_search=2
22020540,2714054000,동구,신암4동,대구광역시 동구 신암4동,18295,2834,1726,721,95,3,5379,0.294015,1.152162,4668.615,8.0,5,209.0,0.93,38.855,1.0,0.0,108.918,5379.0,0.0,114,18261.0,0.476565,52.343,0.482083,51.792,241.931,0.0,0.0,34.645,1.85,12.681,cache,SGIS 2025 adm_cd=22 low_search=2
22020550,2714054100,동구,신암5동,대구광역시 동구 신암5동,7291,1352,996,461,63,1,2873,0.394047,0.526178,5460.129,11.4,4,265.0,1.392,92.238,1.0,0.0,68.355,2873.0,0.0,53,7362.0,0.536669,46.333,0.552993,44.701,204.554,0.0,0.0,48.228,0.793,17.118,cache,SGIS 2025 adm_cd=22 low_search=2
22020560,2714055500,동구,신천1.2동,대구광역시 동구 신천1·2동,10974,2117,1666,931,125,0,4839,0.440951,0.440241,10991.703,1.4,3,89.0,0.62,18.392,1.0,0.0,164.429,4839.0,0.0,44,11315.0,0.598081,40.192,0.620767,37.923,162.584,0.0,0.0,70.673,3.296,25.724,cache,SGIS 2025 adm_cd=22 low_search=2
22020580,2714057000,동구,신천3동,대구광역시 동구 신천3동,14784,1913,1139,553,102,0,3707,0.250744,0.734875,5044.398,3.6,5,190.0,1.349,51.254,1.0,0.0,162.877,3707.0,0.0,72,13808.0,0.577825,42.217,0.585297,41.47,176.305,0.0,0.0,31.728,3.256,12.082,cache,SGIS 2025 adm_cd=22 low_search=2
22020590,2714058000,동구,신천4동,대구광역시 동구 신천4동,12884,1542,1027,460,74,1,3104,0.240919,0.786038,3948.916,2.9,3,160.0,0.966,51.546,1.0,0.0,134.573,3104.0,0.0,81,10476.0,0.508748,49.125,0.524649,47.535,214.665,0.0,0.0,26.202,2.518,9.926,cache,SGIS 2025 adm_cd=22 low_search=2
22020730,2714072000,동구,안심1동,대구광역시 동구 안심1동,37007,6518,4368,1784,287,6,12963,0.350285,3.328168,3894.936,13.9,9,520.0,0.694,40.114,0.709221,0.290779,188.615,9193.6,3769.4,337,37399.0,0.353708,64.629,0.43425,56.575,389.05,0.296736,0.0,37.265,14.422,17.369,cache,SGIS 2025 adm_cd=22 low_search=2
22020740,2714073000,동구,안심2동,대구광역시 동구 안심2동,16966,2761,1644,610,103,3,5121,0.301839,13.370799,382.999,70.8,3,82.0,0.586,16.012,0.154662,0.845338,1966.395,792.0,4329.0,1334,16243.0,0.079726,92.027,0.373735,62.626,2391.558,0.844828,0.0,17.8,80.764,30.459,cache,SGIS 2025 adm_cd=22 low_search=2
22020760,2714074200,동구,안심3동,대구광역시 동구 안심3동,19857,2183,1615,736,111,2,4647,0.234023,5.930487,783.578,11.8,2,40.0,0.43,8.608,0.157316,0.842684,1068.349,731.0,3916.0,592,20035.0,0.090902,90.91,0.337679,66.232,1204.625,0.846284,0.0,12.453,57.267,21.539,cache,SGIS 2025 adm_cd=22 low_search=2
22020770,2714074700,동구,안심4동,대구광역시 동구 안심4동,26183,4013,2432,1040,158,1,7644,0.291945,2.583849,2958.378,9.0,7,250.0,0.916,32.705,0.710048,0.289952,592.325,5427.6,2216.4,254,26023.0,0.356992,64.301,0.409886,59.011,366.763,0.295276,0.0,27.387,24.912,17.059,cache,SGIS 2025 adm_cd=22 low_search=2
22020650,2714064000,동구,지저동,대구광역시 동구 지저동,12287,2947,1954,784,98,2,5785,0.470823,2.270752,2547.615,46.2,2,31.0,0.346,5.359,0.442011,0.557989,589.003,2557.0,3228.0,228,12855.0,0.236422,76.358,0.359258,64.074,531.099,0.552632,0.0,44.153,34.501,25.804,cache,SGIS 2025 adm_cd=22 low_search=2
22020690,2714068500,동구,해안동,대구광역시 동구 해안동,12876,2758,2030,917,142,3,5850,0.454334,13.425565,435.736,54.8,7,240.0,1.197,41.026,0.297293,0.702707,230.159,1739.2,4110.8,1337,13894.0,0.152299,84.77,0.371388,62.861,896.416,0.702319,0.0,33.753,30.373,20.925,cache,SGIS 2025 adm_cd=22 low_search=2
22020780,2714075500,동구,혁신동,대구광역시 동구 혁신동,16478,1644,1041,346,51,1,3083,0.187098,16.559499,186.177,77.4,4,60.0,1.297,19.462,0.084733,0.915267,1575.198,261.2,2821.8,1655,16958.0,0.051124,94.888,0.135371,86.463,1953.356,0.917221,0.0,5.15,73.095,23.731,cache,SGIS 2025 adm_cd=22 low_search=2
22020600,2714059000,동구,효목1동,대구광역시 동구 효목1동,11384,2472,1983,944,118,2,5519,0.484803,1.327922,4156.118,19.0,3,78.0,0.544,14.133,0.890715,0.109285,67.932,4915.9,603.1,133,11780.0,0.415305,58.47,0.523842,47.616,296.59,0.120301,0.0,52.221,4.727,19.695,cache,SGIS 2025 adm_cd=22 low_search=2
22020610,2714060000,동구,효목2동,대구광역시 동구 효목2동,14092,2484,1762,752,136,2,5136,0.364462,0.778182,6599.996,0.5,6,141.0,1.168,27.453,1.0,0.0,131.592,5136.0,0.0,78,13205.0,0.524732,47.527,0.551158,44.884,214.015,0.0,0.0,49.87,2.441,18.187,cache,SGIS 2025 adm_cd=22 low_search=2
22050700,2723068000,북구,검단동,대구광역시 북구 검단동,5388,1240,889,393,63,1,2586,0.479955,3.83874,673.659,16.1,5,210.0,1.933,81.206,0.28871,0.71129,488.138,746.6,1839.4,383,6111.0,0.166999,83.3,0.435146,56.485,727.369,0.707572,0.0,37.377,37.406,24.303,cache,SGIS 2025 adm_cd=22 low_search=2
22050510,2723051000,북구,고성동,대구광역시 북구 고성동,14568,1046,683,275,55,0,2059,0.141337,0.519878,3960.548,3.5,5,215.0,2.428,104.42,1.0,0.0,144.121,2059.0,0.0,61,13438.0,0.564673,43.533,0.60314,39.686,188.088,0.0,0.0,16.218,2.767,6.506,cache,SGIS 2025 adm_cd=22 low_search=2
22050750,2723071500,북구,관문동,대구광역시 북구 관문동,31927,5001,2599,949,143,4,8696,0.272371,14.654793,593.389,66.7,3,290.0,0.345,33.349,0.132954,0.867046,585.965,1156.2,7539.8,1462,32820.0,0.087823,91.218,0.236958,76.304,952.225,0.868673,0.0,15.626,45.577,19.142,cache,SGIS 2025 adm_cd=22 low_search=2
22050770,2723075000,북구,관음동,대구광역시 북구 관음동,13654,3023,1568,670,111,2,5374,0.393584,2.935818,1830.495,55.2,5,804.0,0.93,149.609,0.311051,0.688949,641.271,1671.6,3702.4,296,13356.0,0.18166,81.834,0.457529,54.247,784.037,0.689189,0.0,33.229,40.59,23.807,cache,SGIS 2025 adm_cd=22 low_search=2
22050790,2723074500,북구,구암동,대구광역시 북구 구암동,30165,4950,1971,1033,154,5,8113,0.268954,4.153484,1953.3,66.2,8,474.0,0.986,58.425,0.508993,0.491007,305.659,4129.5,3983.5,415,31126.0,0.268637,73.136,0.47968,52.032,523.759,0.493976,0.0,20.875,24.699,14.716,cache,SGIS 2025 adm_cd=22 low_search=2
22050830,2723080000,북구,국우동,대구광역시 북구 국우동,29070,3629,1625,810,145,2,6211,0.213657,17.095609,363.31,73.2,4,137.0,0.644,22.058,0.096345,0.903655,963.205,598.4,5612.6,1717,30786.0,0.057113,94.289,0.360515,63.948,1543.436,0.904485,0.0,8.62,56.728,20.035,cache,SGIS 2025 adm_cd=22 low_search=2
22050810,2723079000,북구,노원동,대구광역시 북구 노원동,10922,2365,1551,535,54,1,4506,0.412562,3.003372,1500.314,2.2,7,308.0,1.553,68.353,0.674664,0.325336,196.637,3040.0,1466.0,329,14186.0,0.345943,65.406,0.474887,52.511,388.209,0.288754,0.0,33.827,15.879,16.603,cache,SGIS 2025 adm_cd=22 low_search=2
22050840,2723064500,북구,대현동,대구광역시 북구 대현동,15511,2556,1878,1013,154,1,5602,0.361163,0.884169,6335.892,2.2,11,445.0,1.964,79.436,1.0,0.0,88.971,5602.0,0.0,89,15742.0,0.638332,36.167,0.67868,32.132,143.394,0.0,0.0,48.442,1.33,17.354,cache,SGIS 2025 adm_cd=22 low_search=2
22050820,2723078000,북구,동천동,대구광역시 북구 동천동,24605,3292,1335,800,109,2,5538,0.225076,1.11423,4970.247,7.3,2,114.0,0.361,20.585,0.968948,0.031052,239.548,5366.0,172.0,112,26051.0,0.403912,59.609,0.370481,62.952,291.641,0.044643,0.0,28.774,6.375,11.983,cache,SGIS 2025 adm_cd=22 low_search=2
22050710,2723069500,북구,무태조야동,대구광역시 북구 무태조야동,32444,4857,2840,1089,155,2,8943,0.275644,22.920801,390.17,75.2,8,430.0,0.895,48.082,0.155139,0.844861,334.737,1387.4,7555.6,2286,33325.0,0.099567,90.043,0.238305,76.169,1013.305,0.845582,0.0,15.127,38.23,16.763,cache,SGIS 2025 adm_cd=22 low_search=2
22050650,2723067100,북구,복현1동,대구광역시 북구 복현1동,7072,893,545,194,28,0,1660,0.234729,0.47961,3461.148,4.7,4,178.0,2.41,107.229,0.990592,0.009408,119.639,1644.4,15.6,59,10410.0,0.527969,47.203,0.609428,39.057,213.576,0.0,0.0,23.554,2.469,8.985,cache,SGIS 2025 adm_cd=22 low_search=2
22050660,2723067200,북구,복현2동,대구광역시 북구 복현2동,28639,4487,2304,861,136,4,7792,0.272077,1.815403,4292.16,20.5,9,424.0,1.155,54.415,0.948871,0.051129,132.817,7393.6,398.4,183,28793.0,0.47662,52.338,0.542413,45.759,251.452,0.04918,0.0,30.831,4.318,12.086,cache,SGIS 2025 adm_cd=22 low_search=2
22050610,2723061000,북구,산격1동,대구광역시 북구 산격1동,7332,1838,1460,719,98,1,4116,0.561375,0.944493,4357.894,35.6,5,458.0,1.215,111.273,0.94169,0.05831,355.604,3876.0,240.0,94,8244.0,0.46932,53.068,0.573812,42.619,257.591,0.053191,0.0,60.953,10.383,24.449,cache,SGIS 2025 adm_cd=22 low_search=2
22050620,2723062000,북구,산격2동,대구광역시 북구 산격2동,9348,2012,1160,525,64,3,3764,0.402653,2.225531,1691.282,10.9,7,292.0,1.86,77.577,0.625277,0.374723,416.0,2353.5,1410.5,221,10426.0,0.336132,66.387,0.607672,39.233,420.492,0.375566,0.0,33.592,23.377,18.77,cache,SGIS 2025 adm_cd=22 low_search=2
22050630,2723063000,북구,산격3동,대구광역시 북구 산격3동,8336,1139,904,392,60,1,2496,0.299424,1.154947,2161.138,23.9,5,175.0,2.003,70.112,0.976041,0.023959,56.038,2436.2,59.8,125,16769.0,0.47595,52.405,0.550427,44.957,246.969,0.016,0.0,24.875,1.337,9.107,cache,SGIS 2025 adm_cd=22 low_search=2
22050640,2723063100,북구,산격4동,대구광역시 북구 산격4동,6934,1435,1065,467,58,0,3025,0.436256,0.741167,4081.4,17.1,3,140.0,0.992,46.281,0.86155,0.13845,230.773,2606.2,418.8,91,10156.0,0.377184,62.282,0.371244,62.876,327.89,0.164835,0.0,46.904,10.022,19.423,cache,SGIS 2025 adm_cd=22 low_search=2
22050760,2723077000,북구,읍내동,대구광역시 북구 읍내동,24509,4707,2195,1001,180,3,8086,0.32992,5.973137,1353.728,66.1,5,166.0,0.618,20.529,0.240343,0.759657,1581.303,1943.4,6142.6,596,24842.0,0.122757,87.724,0.393719,60.628,1793.143,0.765101,0.0,24.696,67.637,28.935,cache,SGIS 2025 adm_cd=22 low_search=2
22050520,2723052600,북구,칠성동,대구광역시 북구 칠성동,23599,2893,1876,940,165,8,5882,0.249248,1.336553,4400.872,2.7,8,430.0,1.36,73.104,1.0,0.0,205.862,5882.0,0.0,134,20054.0,0.53539,46.461,0.530495,46.951,201.448,0.0,0.0,28.923,4.376,11.436,cache,SGIS 2025 adm_cd=22 low_search=2
22050550,2723055000,북구,침산1동,대구광역시 북구 침산1동,3428,887,563,212,37,2,1701,0.496208,1.601508,1062.124,21.1,3,148.0,1.764,87.008,0.643882,0.356118,447.415,1095.2,605.8,157,3660.0,0.306868,69.313,0.470198,52.98,431.415,0.369427,0.0,40.654,23.524,21.286,cache,SGIS 2025 adm_cd=22 low_search=2
22050560,2723056000,북구,침산2동,대구광역시 북구 침산2동,17800,2102,1262,594,84,4,4046,0.227303,0.794943,5089.675,5.9,8,376.0,1.977,92.931,1.0,0.0,133.152,4046.0,0.0,78,16615.0,0.569654,43.035,0.568374,43.163,186.071,0.0,0.0,29.496,2.481,11.068,cache,SGIS 2025 adm_cd=22 low_search=2
22050570,2723057000,북구,침산3동,대구광역시 북구 침산3동,17673,2785,1737,863,130,0,5515,0.312058,1.035946,5323.637,17.6,6,507.0,1.088,91.931,1.0,0.0,86.187,5515.0,0.0,105,19593.0,0.520701,47.93,0.533419,46.658,206.507,0.0,0.0,39.205,1.258,14.099,cache,SGIS 2025 adm_cd=22 low_search=2
22050780,2723072500,북구,태전1동,대구광역시 북구 태전1동,21026,3817,1991,918,168,2,6896,0.327975,2.47942,2781.295,43.0,4,339.0,0.58,49.159,0.419484,0.580516,364.338,2892.8,4003.2,248,23452.0,0.206449,79.355,0.31667,68.333,600.515,0.572581,0.0,30.376,29.459,19.469,cache,SGIS 2025 adm_cd=22 low_search=2
22050740,2723073500,북구,태전2동,대구광역시 북구 태전2동,21561,4008,2197,913,124,6,7248,0.336163,2.04938,3536.68,39.3,4,64.0,0.552,8.83,0.802231,0.197769,352.537,5814.6,1433.4,205,23400.0,0.376768,62.323,0.477728,52.227,345.183,0.195122,0.0,34.332,15.337,16.617,cache,SGIS 2025 adm_cd=22 low_search=2
22030510,2717051000,서구,내당1동,대구광역시 서구 내당1동,14642,2352,1269,530,79,1,4231,0.288963,0.584472,7239.01,7.0,4,218.0,0.945,51.524,1.0,0.0,135.307,4231.0,0.0,59,9799.0,0.570057,42.994,0.547258,45.274,180.033,0.0,0.0,44.712,2.538,16.41,cache,SGIS 2025 adm_cd=22 low_search=2
22030520,2717052500,서구,내당2.3동,대구광역시 서구 내당2·3동,8056,1802,1373,633,75,1,3884,0.482125,0.495562,7837.569,0.8,9,492.0,2.317,126.674,1.0,0.0,48.83,3884.0,0.0,52,8292.0,0.685577,31.442,0.684477,31.552,118.486,0.0,0.0,67.109,0.284,23.573,cache,SGIS 2025 adm_cd=22 low_search=2
22030530,2717054000,서구,내당4동,대구광역시 서구 내당4동,14055,2914,2026,823,143,4,5910,0.420491,0.818041,7224.578,5.5,4,400.0,0.677,67.682,1.0,0.0,90.184,5910.0,0.0,81,15080.0,0.571147,42.885,0.534843,46.516,176.899,0.0,0.0,58.224,1.362,20.787,cache,SGIS 2025 adm_cd=22 low_search=2
22030540,2717055000,서구,비산1동,대구광역시 서구 비산1동,7716,1811,1288,544,69,0,3712,0.481078,0.421828,8799.799,4.5,8,309.0,2.155,83.244,1.0,0.0,110.113,3712.0,0.0,42,8088.0,0.650834,34.917,0.666954,33.305,140.45,0.0,0.0,70.964,1.881,25.402,cache,SGIS 2025 adm_cd=22 low_search=2
22030550,2717056500,서구,비산2.3동,대구광역시 서구 비산2·3동,7512,1856,1367,754,108,2,4087,0.544063,0.530838,7699.144,3.5,7,417.0,1.713,102.031,1.0,0.0,73.567,4087.0,0.0,52,7619.0,0.664581,33.542,0.681802,31.82,129.241,0.0,0.0,72.93,0.929,25.804,cache,SGIS 2025 adm_cd=22 low_search=2
22030560,2717058000,서구,비산4동,대구광역시 서구 비산4동,8097,1904,1279,567,72,0,3822,0.472027,0.410283,9315.524,0.1,6,1770.0,1.57,463.108,1.0,0.0,53.04,3822.0,0.0,42,8739.0,0.697123,30.288,0.703115,29.688,111.825,0.0,0.0,72.155,0.394,25.372,cache,SGIS 2025 adm_cd=22 low_search=2
22030570,2717059000,서구,비산5동,대구광역시 서구 비산5동,4704,1146,894,428,61,0,2529,0.537628,0.337585,7491.457,0.9,5,408.0,1.977,161.329,1.0,0.0,94.401,2529.0,0.0,33,4634.0,0.66175,33.825,0.653506,34.649,131.618,0.0,0.0,71.41,1.472,25.435,cache,SGIS 2025 adm_cd=22 low_search=2
22030580,2717060000,서구,비산6동,대구광역시 서구 비산6동,6287,1579,978,441,69,2,3069,0.48815,0.280852,10927.461,0.0,3,154.0,0.978,50.179,1.0,0.0,71.028,3069.0,0.0,28,6643.0,0.684612,31.539,0.684576,31.542,117.336,0.0,0.0,75.543,0.863,26.699,cache,SGIS 2025 adm_cd=22 low_search=2
22030590,2717061000,서구,비산7동,대구광역시 서구 비산7동,9206,2015,1303,561,59,2,3940,0.427982,2.847064,1383.882,11.1,3,614.0,0.761,155.838,0.471179,0.528821,341.036,1856.4,2083.6,286,10052.0,0.240076,75.992,0.453699,54.63,575.5,0.531469,0.0,34.939,26.986,20.325,cache,SGIS 2025 adm_cd=22 low_search=2
22030660,2717067500,서구,상중이동,대구광역시 서구 상중이동,16790,3584,2220,756,148,1,6709,0.399583,6.75834,992.699,35.7,8,659.0,1.192,98.226,0.422853,0.577147,1006.143,2836.9,3872.1,677,18637.0,0.218977,78.102,0.504197,49.58,606.754,0.581979,0.0,30.397,46.062,24.458,cache,SGIS 2025 adm_cd=22 low_search=2
22030680,2717069500,서구,원대동,대구광역시 서구 원대동,9925,1812,1274,553,80,1,3720,0.374811,0.601505,6184.49,1.9,3,101.0,0.806,27.151,1.0,0.0,210.163,3720.0,0.0,61,10288.0,0.570285,42.971,0.559701,44.03,176.718,0.0,0.0,49.226,4.488,18.576,cache,SGIS 2025 adm_cd=22 low_search=2
22030600,2717062000,서구,평리1동,대구광역시 서구 평리1동,6100,1449,995,461,62,3,2970,0.486885,0.382026,7774.343,0.0,6,597.0,2.02,201.01,1.0,0.0,96.611,2970.0,0.0,32,5915.0,0.652183,34.782,0.670335,32.966,136.083,0.0,0.0,67.34,1.529,24.028,cache,SGIS 2025 adm_cd=22 low_search=2
22030610,2717063000,서구,평리2동,대구광역시 서구 평리2동,6798,1412,920,341,34,1,2708,0.398352,0.29138,9293.707,2.6,6,435.0,2.216,160.635,1.0,0.0,40.811,2708.0,0.0,30,6873.0,0.696012,30.399,0.712359,28.764,113.035,0.0,0.0,64.463,0.075,22.584,cache,SGIS 2025 adm_cd=22 low_search=2
22030620,2717064000,서구,평리3동,대구광역시 서구 평리3동,12060,2350,1425,587,77,1,4440,0.368159,0.786066,5648.382,4.6,6,431.0,1.351,97.072,1.0,0.0,128.358,4440.0,0.0,86,13437.0,0.57659,42.341,0.600392,39.961,177.893,0.0,0.0,46.332,2.356,16.923,cache,SGIS 2025 adm_cd=22 low_search=2
22030630,2717065000,서구,평리4동,대구광역시 서구 평리4동,14967,3199,1942,699,108,1,5949,0.397474,0.727653,8175.595,0.0,10,305.0,1.681,51.269,1.0,0.0,108.617,5949.0,0.0,73,15638.0,0.662422,33.758,0.685717,31.428,130.474,0.0,0.0,59.766,1.842,21.471,cache,SGIS 2025 adm_cd=22 low_search=2
22030640,2717066000,서구,평리5동,대구광역시 서구 평리5동,10509,1107,611,209,22,2,1951,0.18565,0.416952,4679.194,5.7,5,383.0,2.563,196.31,1.0,0.0,141.265,1951.0,0.0,39,9360.0,0.636469,36.353,0.597417,40.258,141.982,0.0,0.0,23.507,2.693,9.035,cache,SGIS 2025 adm_cd=22 low_search=2
22030650,2717066100,서구,평리6동,대구광역시 서구 평리6동,5375,1015,573,188,29,0,1805,0.335814,0.710776,2539.477,7.3,1,64.0,0.554,35.457,0.791141,0.208859,270.262,1428.0,377.0,72,5892.0,0.423466,57.653,0.535507,46.449,318.215,0.194444,0.0,30.189,13.593,14.644,cache,SGIS 2025 adm_cd=22 low_search=2
22060710,2726067000,수성구,고산1동,대구광역시 수성구 고산1동,31006,4619,2208,1016,173,2,8018,0.258595,8.703518,921.237,83.4,10,448.0,1.247,55.874,0.159265,0.840735,2243.385,1277.0,6741.0,883,31286.0,0.090627,90.937,0.521763,47.824,2049.341,0.83692,0.0,15.555,87.816,31.789,cache,SGIS 2025 adm_cd=22 low_search=2
22060720,2726068000,수성구,고산2동,대구광역시 수성구 고산2동,25494,3984,2189,975,172,5,7325,0.287323,24.472331,299.318,62.9,13,486.0,1.775,66.348,0.347314,0.652686,860.751,2544.1,4780.9,2440,25961.0,0.179023,82.098,0.496607,50.339,759.472,0.652459,0.0,15.958,45.0,19.085,cache,SGIS 2025 adm_cd=22 low_search=2
22060730,2726069000,수성구,고산3동,대구광역시 수성구 고산3동,29072,5033,2464,1243,251,5,8996,0.309439,5.255892,1711.603,16.2,5,129.0,0.556,14.34,0.514526,0.485474,516.995,4628.7,4367.3,546,32680.0,0.256734,74.327,0.410787,58.921,506.093,0.490842,0.0,24.057,30.007,17.422,cache,SGIS 2025 adm_cd=22 low_search=2
22060660,2726064000,수성구,두산동,대구광역시 수성구 두산동,14758,2148,1142,426,78,4,3798,0.257352,1.951667,1946.029,34.0,3,43.0,0.79,11.322,0.709223,0.290777,406.23,2693.6,1104.4,191,14406.0,0.33327,66.673,0.451897,54.81,379.856,0.308901,0.0,19.648,20.093,12.905,cache,SGIS 2025 adm_cd=22 low_search=2
22060550,2726055000,수성구,만촌1동,대구광역시 수성구 만촌1동,20138,3230,2186,1025,191,4,6636,0.329526,2.802983,2367.477,45.8,6,210.0,0.904,31.646,0.655789,0.344211,127.609,4351.8,2284.2,278,19715.0,0.341579,65.842,0.491173,50.883,421.208,0.330935,0.0,28.831,14.761,14.519,cache,SGIS 2025 adm_cd=22 low_search=2
22060560,2726056000,수성구,만촌2동,대구광역시 수성구 만촌2동,13038,1722,1069,466,92,3,3352,0.257095,1.795483,1866.907,44.7,3,90.0,0.895,26.85,0.788855,0.211145,367.165,2644.2,707.8,178,11202.0,0.399411,60.059,0.516152,48.385,326.916,0.202247,0.0,19.295,16.201,11.614,cache,SGIS 2025 adm_cd=22 low_search=2
22060570,2726056100,수성구,만촌3동,대구광역시 수성구 만촌3동,20470,1861,1113,507,75,1,3557,0.173766,1.760432,2020.527,45.44,8,168.0,2.249,47.231,0.767888,0.232112,93.729,2731.4,825.6,180,20561.0,0.393346,60.665,0.482883,51.712,340.493,0.25,0.0,11.33,9.832,6.915,cache,SGIS 2025 adm_cd=22 low_search=2
22060690,2726066100,수성구,범물1동,대구광역시 수성구 범물1동,9614,2293,1977,952,178,3,5403,0.561993,5.619878,961.409,87.1,5,144.0,0.925,26.652,0.171424,0.828576,1381.183,926.2,4476.8,561,8562.0,0.104279,89.572,0.602889,39.711,1415.101,0.825312,0.0,47.027,64.91,35.932,cache,SGIS 2025 adm_cd=22 low_search=2
22060700,2726066200,수성구,범물2동,대구광역시 수성구 범물2동,15478,2832,1665,576,111,1,5185,0.334992,2.135751,2427.718,71.7,4,85.0,0.771,16.393,0.352088,0.647912,628.662,1825.6,3359.4,211,15430.0,0.192729,80.727,0.530965,46.904,747.764,0.649289,0.0,29.643,38.78,22.009,cache,SGIS 2025 adm_cd=22 low_search=2
22060510,2726051000,수성구,범어1동,대구광역시 수성구 범어1동,22636,2302,1322,649,105,1,4379,0.193453,1.165199,3758.155,26.4,6,81.0,1.37,18.497,0.929773,0.070227,50.985,4071.5,307.5,120,20133.0,0.487325,51.267,0.58996,41.004,243.838,0.066667,0.0,20.519,2.875,8.044,cache,SGIS 2025 adm_cd=22 low_search=2
22060520,2726052000,수성구,범어2동,대구광역시 수성구 범어2동,15278,1864,1119,567,99,3,3652,0.239037,1.021224,3576.101,16.4,6,123.0,1.643,33.68,1.0,0.0,212.684,3652.0,0.0,97,13647.0,0.540152,45.985,0.512597,48.74,196.958,0.0,0.0,24.472,4.554,9.931,cache,SGIS 2025 adm_cd=22 low_search=2
22060530,2726053000,수성구,범어3동,대구광역시 수성구 범어3동,16980,1631,835,371,73,0,2910,0.171378,0.547116,5318.802,3.3,4,65.0,1.375,22.337,1.0,0.0,122.239,2910.0,0.0,58,16164.0,0.607499,39.25,0.616111,38.389,159.24,0.0,0.0,24.669,2.197,9.293,cache,SGIS 2025 adm_cd=22 low_search=2
22060540,2726054000,수성구,범어4동,대구광역시 수성구 범어4동,18409,1456,942,399,74,0,2871,0.155956,1.14171,2514.65,27.3,6,409.0,2.09,142.459,0.785213,0.214787,275.933,2254.3,616.7,117,18961.0,0.425364,57.464,0.44629,55.371,312.02,0.213675,0.0,11.527,13.955,8.221,cache,SGIS 2025 adm_cd=22 low_search=2
22060640,2726062000,수성구,상동,대구광역시 수성구 상동,13865,2595,1819,843,166,2,5425,0.391273,1.329782,4079.616,5.7,8,191.0,1.475,35.207,1.0,0.0,235.274,5425.0,0.0,137,14096.0,0.523589,47.641,0.539944,46.006,209.84,0.0,0.0,42.255,5.142,16.332,cache,SGIS 2025 adm_cd=22 low_search=2
22060580,2726057000,수성구,수성1가동,대구광역시 수성구 수성1가동,16915,2341,1772,1000,193,6,5312,0.314041,0.616573,8615.359,4.0,3,61.0,0.565,11.483,1.0,0.0,64.52,5312.0,0.0,61,15895.0,0.578895,42.11,0.602117,39.788,172.183,0.0,0.0,52.969,0.693,18.747,cache,SGIS 2025 adm_cd=22 low_search=2
22060590,2726058000,수성구,수성2.3가동,대구광역시 수성구 수성2·3가동,10151,1348,962,461,70,0,2841,0.279874,0.643631,4414.019,1.4,7,88.0,2.464,30.975,1.0,0.0,154.826,2841.0,0.0,60,9888.0,0.634532,36.547,0.636291,36.371,143.629,0.0,0.0,32.138,3.046,12.162,cache,SGIS 2025 adm_cd=22 low_search=2
22060600,2726059000,수성구,수성4가동,대구광역시 수성구 수성4가동,12741,2346,1451,747,150,6,4700,0.368888,0.652514,7202.907,6.7,4,95.0,0.851,20.213,1.0,0.0,28.509,4700.0,0.0,65,13569.0,0.607527,39.247,0.588995,41.101,155.654,0.0,0.0,52.81,0.0,18.484,cache,SGIS 2025 adm_cd=22 low_search=2
22060630,2726061000,수성구,중동,대구광역시 수성구 중동,14359,1887,1210,560,94,0,3751,0.26123,0.88107,4257.321,2.0,8,220.0,2.133,58.651,0.99852,0.00148,17.005,3745.4,5.6,89,14523.0,0.560011,43.999,0.562552,43.745,194.52,0.0,0.0,29.568,0.053,10.365,cache,SGIS 2025 adm_cd=22 low_search=2
22060670,2726065100,수성구,지산1동,대구광역시 수성구 지산1동,18537,3643,2514,1222,207,6,7592,0.409559,2.890258,2626.755,50.0,7,156.0,0.922,20.548,0.684148,0.315852,537.059,5194.1,2397.9,287,20153.0,0.361341,63.866,0.588442,41.156,389.314,0.327526,0.0,38.158,24.407,20.677,cache,SGIS 2025 adm_cd=22 low_search=2
22060680,2726065200,수성구,지산2동,대구광역시 수성구 지산2동,18072,3358,2155,931,198,3,6645,0.367696,1.682493,3949.496,57.8,4,80.0,0.602,12.039,0.644183,0.355817,311.444,4280.6,2364.4,169,18060.0,0.343284,65.672,0.524762,47.524,410.553,0.35503,0.0,39.286,19.971,19.741,cache,SGIS 2025 adm_cd=22 low_search=2
22060650,2726063000,수성구,파동,대구광역시 수성구 파동,17086,2658,1829,772,140,5,5404,0.316282,5.796879,932.226,79.5,6,110.0,1.11,20.355,0.453373,0.546627,329.768,2450.0,2954.0,580,14941.0,0.220813,77.919,0.552113,44.789,690.913,0.548276,0.0,21.553,27.335,15.744,cache,SGIS 2025 adm_cd=22 low_search=2
22060610,2726060100,수성구,황금1동,대구광역시 수성구 황금1동,20771,2724,1552,628,146,3,5053,0.243272,2.574434,1962.761,68.0,3,20.0,0.594,3.958,0.570991,0.429009,340.649,2885.2,2167.8,254,20578.0,0.284538,71.546,0.428371,57.163,468.45,0.417323,0.0,18.264,23.373,13.404,cache,SGIS 2025 adm_cd=22 low_search=2
22060620,2726060200,수성구,황금2동,대구광역시 수성구 황금2동,11706,1581,1164,518,76,0,3339,0.285238,1.176023,2839.23,17.9,4,112.0,1.198,33.543,0.999862,0.000138,255.774,3338.5,0.5,117,11308.0,0.486103,51.39,0.504829,49.517,233.297,0.0,0.0,26.205,5.682,10.876,cache,SGIS 2025 adm_cd=22 low_search=2
22010640,2711064000,중구,남산1동,대구광역시 중구 남산1동,5023,609,437,253,32,1,1332,0.26518,0.381838,3488.39,0.0,5,85.0,3.754,63.814,1.0,0.0,130.824,1332.0,0.0,37,4543.0,0.685434,31.457,0.707258,29.274,117.689,0.0,0.0,26.809,2.421,10.109,cache,SGIS 2025 adm_cd=22 low_search=2
22010650,2711065000,중구,남산2동,대구광역시 중구 남산2동,7364,754,578,278,60,1,1671,0.226915,0.366417,4560.379,1.1,8,453.0,4.788,271.095,1.0,0.0,24.934,1671.0,0.0,37,6916.0,0.728904,27.11,0.783793,21.621,98.673,0.0,0.0,27.276,0.0,9.547,cache,SGIS 2025 adm_cd=22 low_search=2
22010660,2711066000,중구,남산3동,대구광역시 중구 남산3동,5758,918,723,383,82,0,2106,0.365752,0.404507,5206.344,14.2,5,235.0,2.374,111.586,1.0,0.0,38.12,2106.0,0.0,40,6080.0,0.659943,34.006,0.731171,26.883,130.151,0.0,0.0,44.263,0.005,15.493,cache,SGIS 2025 adm_cd=22 low_search=2
22010670,2711067000,중구,남산4동,대구광역시 중구 남산4동,15811,1967,1634,787,127,6,4521,0.28594,0.456572,9902.048,9.1,11,134.0,2.433,29.639,1.0,0.0,68.629,4521.0,0.0,49,17486.0,0.743346,25.665,0.728721,27.128,92.118,0.0,0.0,54.678,0.8,19.377,cache,SGIS 2025 adm_cd=22 low_search=2
22010680,2711068000,중구,대봉1동,대구광역시 중구 대봉1동,7614,938,637,480,92,0,2147,0.281981,0.555228,3866.882,5.6,5,130.0,2.329,60.55,1.0,0.0,136.353,2147.0,0.0,69,8980.0,0.597367,40.263,0.691409,30.859,166.344,0.0,0.0,30.101,2.565,11.305,cache,SGIS 2025 adm_cd=22 low_search=2
22010690,2711069000,중구,대봉2동,대구광역시 중구 대봉2동,5902,653,461,216,25,0,1355,0.229583,0.289843,4674.94,0.0,5,90.0,3.69,66.421,1.0,0.0,122.258,1355.0,0.0,29,4707.0,0.671516,32.848,0.775698,22.43,128.637,0.0,0.0,28.023,2.197,10.467,cache,SGIS 2025 adm_cd=22 low_search=2
22010620,2711059500,중구,대신동,대구광역시 중구 대신동,7199,1064,734,351,47,2,2198,0.30532,0.474448,4632.754,3.6,8,315.0,3.64,143.312,1.0,0.0,109.093,2198.0,0.0,44,6836.0,0.717461,28.254,0.769476,23.052,103.307,0.0,0.0,35.664,1.854,13.039,cache,SGIS 2025 adm_cd=22 low_search=2
22010700,2711051700,중구,동인동,대구광역시 중구 동인동,10913,1236,870,466,105,2,2679,0.245487,1.0003,2678.197,8.9,10,251.0,3.733,93.692,1.0,0.0,168.072,2679.0,0.0,101,10104.0,0.560834,43.917,0.557925,44.207,191.788,0.0,0.0,21.439,3.391,8.521,cache,SGIS 2025 adm_cd=22 low_search=2
22010540,2711054500,중구,삼덕동,대구광역시 중구 삼덕동,7429,597,430,211,42,1,1281,0.172432,0.668968,1914.891,4.4,8,223.0,6.245,174.083,1.0,0.0,115.658,1281.0,0.0,69,7078.0,0.660424,33.958,0.70812,29.188,131.266,0.0,0.0,10.757,2.025,4.373,cache,SGIS 2025 adm_cd=22 low_search=2
22010560,2711056500,중구,성내1동,대구광역시 중구 성내1동,5481,510,394,230,46,3,1183,0.215837,0.759098,1558.429,2.0,9,542.0,7.608,458.157,1.0,0.0,240.303,1183.0,0.0,77,4730.0,0.629795,37.02,0.718073,28.193,149.842,0.0,0.0,13.768,5.273,6.401,cache,SGIS 2025 adm_cd=22 low_search=2
22010590,2711057500,중구,성내2동,대구광역시 중구 성내2동,9201,910,606,298,42,0,1856,0.201717,0.942227,1969.801,5.0,9,354.0,4.849,190.733,1.0,0.0,128.666,1856.0,0.0,93,7616.0,0.602967,39.703,0.55372,44.628,161.65,0.0,0.0,14.005,2.364,5.611,cache,SGIS 2025 adm_cd=22 low_search=2
22010610,2711058500,중구,성내3동,대구광역시 중구 성내3동,13600,1053,641,303,32,1,2030,0.149265,0.781121,2598.828,20.1,7,412.0,3.448,202.956,1.0,0.0,51.516,2030.0,0.0,79,12875.0,0.615121,38.488,0.629133,37.087,156.384,0.0,0.0,11.184,0.354,4.021,cache,SGIS 2025 adm_cd=22 low_search=2
