대응시설부족도순위,구·군,행정동,행정동코드,미래온열질환위험,지역취약도,보호필요도,시설대응력,시설대응력부족분(100-시설대응력),대응시설부족도,지역취약도결합방법,시설대응력결합방법,미래위험대체처리,미래위험대체처리요약,시설대응력종합모형,그늘막자료상태,시설대응력대체처리·주의
1,군위군,산성면,2772036000,100,78.42,91.37,36.6,63.4,82.98,구·군+행정동명(취약도 파일에 행정동코드 없음),행정동코드 일치,Y,행정동 환자자료 부재→구군 환자율 모형; KMA 일자료 미확보→ERA5-Land; 미래 일자료 부재→RDA 월기온 델타 합성; RDA 습도 이상치→과거 습도 고정; 미래 인구 부재→2026-07 인구 고정,쉼터 단독 대체,미확인,행정동내 고령인구 균등분포 가정; LST·실보행량 대신 횡단보도·인구밀도 대체지표; 2025-12-31 공개 가공 경계; 전국 표준 그늘막 0건·추가 공개 좌표자료 미확인: 종합점수는 쉼터 단독 대체
2,군위군,의흥면,2772035000,100,80.7,92.28,38.86,61.14,82.94,구·군+행정동명(취약도 파일에 행정동코드 없음),행정동코드 일치,Y,행정동 환자자료 부재→구군 환자율 모형; KMA 일자료 미확보→ERA5-Land; 미래 일자료 부재→RDA 월기온 델타 합성; RDA 습도 이상치→과거 습도 고정; 미래 인구 부재→2026-07 인구 고정,쉼터 단독 대체,미확인,행정동내 고령인구 균등분포 가정; LST·실보행량 대신 횡단보도·인구밀도 대체지표; 2025-12-31 공개 가공 경계; 전국 표준 그늘막 0건·추가 공개 좌표자료 미확인: 종합점수는 쉼터 단독 대체
3,군위군,소보면,2772031000,100,74.31,89.72,37.79,62.21,81.47,구·군+행정동명(취약도 파일에 행정동코드 없음),행정동코드 일치,Y,행정동 환자자료 부재→구군 환자율 모형; KMA 일자료 미확보→ERA5-Land; 미래 일자료 부재→RDA 월기온 델타 합성; RDA 습도 이상치→과거 습도 고정; 미래 인구 부재→2026-07 인구 고정,쉼터 단독 대체,미확인,행정동내 고령인구 균등분포 가정; LST·실보행량 대신 횡단보도·인구밀도 대체지표; 2025-12-31 공개 가공 경계; 전국 표준 그늘막 0건·추가 공개 좌표자료 미확인: 종합점수는 쉼터 단독 대체
4,군위군,우보면,2772034000,100,74.3,89.72,39.28,60.72,81.02,구·군+행정동명(취약도 파일에 행정동코드 없음),행정동코드 일치,Y,행정동 환자자료 부재→구군 환자율 모형; KMA 일자료 미확보→ERA5-Land; 미래 일자료 부재→RDA 월기온 델타 합성; RDA 습도 이상치→과거 습도 고정; 미래 인구 부재→2026-07 인구 고정,쉼터 단독 대체,미확인,행정동내 고령인구 균등분포 가정; LST·실보행량 대신 횡단보도·인구밀도 대체지표; 2025-12-31 공개 가공 경계; 전국 표준 그늘막 0건·추가 공개 좌표자료 미확인: 종합점수는 쉼터 단독 대체
5,군위군,부계면,2772033000,100,64.48,85.79,33.71,66.29,79.94,구·군+행정동명(취약도 파일에 행정동코드 없음),행정동코드 일치,Y,행정동 환자자료 부재→구군 환자율 모형; KMA 일자료 미확보→ERA5-Land; 미래 일자료 부재→RDA 월기온 델타 합성; RDA 습도 이상치→과거 습도 고정; 미래 인구 부재→2026-07 인구 고정,쉼터 단독 대체,미확인,행정동내 고령인구 균등분포 가정; LST·실보행량 대신 횡단보도·인구밀도 대체지표; 2025-12-31 공개 가공 경계; 전국 표준 그늘막 0건·추가 공개 좌표자료 미확인: 종합점수는 쉼터 단독 대체
6,남구,대명3동,2720058600,100,50.86,80.34,25.53,74.47,78.58,구·군+행정동명(취약도 파일에 행정동코드 없음),행정동코드 일치,Y,행정동 환자자료 부재→구군 환자율 모형; KMA 일자료 미확보→ERA5-Land; 미래 일자료 부재→RDA 월기온 델타 합성; RDA 습도 이상치→과거 습도 고정; 미래 인구 부재→2026-07 인구 고정,가이드 70:30,확인,행정동내 고령인구 균등분포 가정; LST·실보행량 대신 횡단보도·인구밀도 대체지표; 2025-12-31 공개 가공 경계
7,군위군,군위읍,2772025000,100,46.82,78.73,34.9,65.1,74.64,구·군+행정동명(취약도 파일에 행정동코드 없음),행정동코드 일치,Y,행정동 환자자료 부재→구군 환자율 모형; KMA 일자료 미확보→ERA5-Land; 미래 일자료 부재→RDA 월기온 델타 합성; RDA 습도 이상치→과거 습도 고정; 미래 인구 부재→2026-07 인구 고정,쉼터 단독 대체,미확인,행정동내 고령인구 균등분포 가정; LST·실보행량 대신 횡단보도·인구밀도 대체지표; 2025-12-31 공개 가공 경계; 전국 표준 그늘막 0건·추가 공개 좌표자료 미확인: 종합점수는 쉼터 단독 대체
8,남구,이천동,2720051500,100,44.55,77.82,46.48,53.52,70.53,구·군+행정동명(취약도 파일에 행정동코드 없음),행정동코드 일치,Y,행정동 환자자료 부재→구군 환자율 모형; KMA 일자료 미확보→ERA5-Land; 미래 일자료 부재→RDA 월기온 델타 합성; RDA 습도 이상치→과거 습도 고정; 미래 인구 부재→2026-07 인구 고정,가이드 70:30,확인,행정동내 고령인구 균등분포 가정; LST·실보행량 대신 횡단보도·인구밀도 대체지표; 2025-12-31 공개 가공 경계
9,남구,대명2동,2720057100,100,40.43,76.17,54.81,45.19,66.88,구·군+행정동명(취약도 파일에 행정동코드 없음),행정동코드 일치,Y,행정동 환자자료 부재→구군 환자율 모형; KMA 일자료 미확보→ERA5-Land; 미래 일자료 부재→RDA 월기온 델타 합성; RDA 습도 이상치→과거 습도 고정; 미래 인구 부재→2026-07 인구 고정,가이드 70:30,확인,행정동내 고령인구 균등분포 가정; LST·실보행량 대신 횡단보도·인구밀도 대체지표; 2025-12-31 공개 가공 경계
10,군위군,효령면,2772032000,64.86,66.34,65.45,36.37,63.63,64.9,구·군+행정동명(취약도 파일에 행정동코드 없음),행정동코드 일치,Y,행정동 환자자료 부재→구군 환자율 모형; KMA 일자료 미확보→ERA5-Land; 미래 일자료 부재→RDA 월기온 델타 합성; RDA 습도 이상치→과거 습도 고정; 미래 인구 부재→2026-07 인구 고정,쉼터 단독 대체,미확인,행정동내 고령인구 균등분포 가정; LST·실보행량 대신 횡단보도·인구밀도 대체지표; 2025-12-31 공개 가공 경계; 전국 표준 그늘막 0건·추가 공개 좌표자료 미확인: 종합점수는 쉼터 단독 대체
11,달서구,월성2동,2729060200,49.89,65.3,56.05,16.03,83.97,64.43,구·군+행정동명(취약도 파일에 행정동코드 없음),행정동코드 일치,Y,행정동 환자자료 부재→구군 환자율 모형; KMA 일자료 미확보→ERA5-Land; 미래 일자료 부재→RDA 월기온 델타 합성; RDA 습도 이상치→과거 습도 고정; 미래 인구 부재→2026-07 인구 고정,가이드 70:30,확인,행정동내 고령인구 균등분포 가정; LST·실보행량 대신 횡단보도·인구밀도 대체지표; 2025-12-31 공개 가공 경계
12,군위군,삼국유사면,2772037000,58.65,72.55,64.21,41.13,58.87,62.61,구·군+행정동명(취약도 파일에 행정동코드 없음),행정동코드 일치,Y,행정동 환자자료 부재→구군 환자율 모형; KMA 일자료 미확보→ERA5-Land; 미래 일자료 부재→RDA 월기온 델타 합성; RDA 습도 이상치→과거 습도 고정; 미래 인구 부재→2026-07 인구 고정,쉼터 단독 대체,미확인,행정동내 고령인구 균등분포 가정; LST·실보행량 대신 횡단보도·인구밀도 대체지표; 2025-12-31 공개 가공 경계; 전국 표준 그늘막 0건·추가 공개 좌표자료 미확인: 종합점수는 쉼터 단독 대체
13,달성군,하빈면,2771033000,46.87,63.26,53.43,32.78,67.22,57.57,구·군+행정동명(취약도 파일에 행정동코드 없음),행정동코드 일치,Y,행정동 환자자료 부재→구군 환자율 모형; KMA 일자료 미확보→ERA5-Land; 미래 일자료 부재→RDA 월기온 델타 합성; RDA 습도 이상치→과거 습도 고정; 미래 인구 부재→2026-07 인구 고정,가이드 70:30,확인,행정동내 고령인구 균등분포 가정; LST·실보행량 대신 횡단보도·인구밀도 대체지표; 2025-12-31 공개 가공 경계
14,중구,남산3동,2711066000,71.02,52.19,63.49,57.61,42.39,57.16,구·군+행정동명(취약도 파일에 행정동코드 없음),행정동코드 일치,Y,행정동 환자자료 부재→구군 환자율 모형; KMA 일자료 미확보→ERA5-Land; 미래 일자료 부재→RDA 월기온 델타 합성; RDA 습도 이상치→과거 습도 고정; 미래 인구 부재→2026-07 인구 고정,가이드 70:30,확인,행정동내 고령인구 균등분포 가정; LST·실보행량 대신 횡단보도·인구밀도 대체지표; 2025-12-31 공개 가공 경계
15,남구,대명11동,2720066000,46.92,56.55,50.77,28.28,71.72,57.06,구·군+행정동명(취약도 파일에 행정동코드 없음),행정동코드 일치,Y,행정동 환자자료 부재→구군 환자율 모형; KMA 일자료 미확보→ERA5-Land; 미래 일자료 부재→RDA 월기온 델타 합성; RDA 습도 이상치→과거 습도 고정; 미래 인구 부재→2026-07 인구 고정,가이드 70:30,확인,행정동내 고령인구 균등분포 가정; LST·실보행량 대신 횡단보도·인구밀도 대체지표; 2025-12-31 공개 가공 경계
16,중구,동인동,2711051700,71.02,39.52,58.42,47.35,52.65,56.69,구·군+행정동명(취약도 파일에 행정동코드 없음),행정동코드 일치,Y,행정동 환자자료 부재→구군 환자율 모형; KMA 일자료 미확보→ERA5-Land; 미래 일자료 부재→RDA 월기온 델타 합성; RDA 습도 이상치→과거 습도 고정; 미래 인구 부재→2026-07 인구 고정,가이드 70:30,확인,행정동내 고령인구 균등분포 가정; LST·실보행량 대신 횡단보도·인구밀도 대체지표; 2025-12-31 공개 가공 경계; 쉼터 수용인원 1건 시설유형 중앙값 대체
17,남구,대명4동,2720059000,46.92,60.47,52.34,33.83,66.17,56.49,구·군+행정동명(취약도 파일에 행정동코드 없음),행정동코드 일치,Y,행정동 환자자료 부재→구군 환자율 모형; KMA 일자료 미확보→ERA5-Land; 미래 일자료 부재→RDA 월기온 델타 합성; RDA 습도 이상치→과거 습도 고정; 미래 인구 부재→2026-07 인구 고정,가이드 70:30,확인,행정동내 고령인구 균등분포 가정; LST·실보행량 대신 횡단보도·인구밀도 대체지표; 2025-12-31 공개 가공 경계
18,중구,남산4동,2711067000,71.02,45.11,60.66,53.76,46.24,56.33,구·군+행정동명(취약도 파일에 행정동코드 없음),행정동코드 일치,Y,행정동 환자자료 부재→구군 환자율 모형; KMA 일자료 미확보→ERA5-Land; 미래 일자료 부재→RDA 월기온 델타 합성; RDA 습도 이상치→과거 습도 고정; 미래 인구 부재→2026-07 인구 고정,가이드 70:30,확인,행정동내 고령인구 균등분포 가정; LST·실보행량 대신 횡단보도·인구밀도 대체지표; 2025-12-31 공개 가공 경계
19,중구,대신동,2711059500,71.02,45.76,60.92,55.97,44.03,55.85,구·군+행정동명(취약도 파일에 행정동코드 없음),행정동코드 일치,Y,행정동 환자자료 부재→구군 환자율 모형; KMA 일자료 미확보→ERA5-Land; 미래 일자료 부재→RDA 월기온 델타 합성; RDA 습도 이상치→과거 습도 고정; 미래 인구 부재→2026-07 인구 고정,가이드 70:30,확인,행정동내 고령인구 균등분포 가정; LST·실보행량 대신 횡단보도·인구밀도 대체지표; 2025-12-31 공개 가공 경계
20,중구,대봉1동,2711068000,71.02,45.6,60.85,57.86,42.14,55.24,구·군+행정동명(취약도 파일에 행정동코드 없음),행정동코드 일치,Y,행정동 환자자료 부재→구군 환자율 모형; KMA 일자료 미확보→ERA5-Land; 미래 일자료 부재→RDA 월기온 델타 합성; RDA 습도 이상치→과거 습도 고정; 미래 인구 부재→2026-07 인구 고정,가이드 70:30,확인,행정동내 고령인구 균등분포 가정; LST·실보행량 대신 횡단보도·인구밀도 대체지표; 2025-12-31 공개 가공 경계
21,중구,대봉2동,2711069000,71.02,39.52,58.42,52.51,47.49,55.14,구·군+행정동명(취약도 파일에 행정동코드 없음),행정동코드 일치,Y,행정동 환자자료 부재→구군 환자율 모형; KMA 일자료 미확보→ERA5-Land; 미래 일자료 부재→RDA 월기온 델타 합성; RDA 습도 이상치→과거 습도 고정; 미래 인구 부재→2026-07 인구 고정,가이드 70:30,확인,행정동내 고령인구 균등분포 가정; LST·실보행량 대신 횡단보도·인구밀도 대체지표; 2025-12-31 공개 가공 경계
22,중구,남산1동,2711064000,71.02,44.25,60.31,57.68,42.32,54.91,구·군+행정동명(취약도 파일에 행정동코드 없음),행정동코드 일치,Y,행정동 환자자료 부재→구군 환자율 모형; KMA 일자료 미확보→ERA5-Land; 미래 일자료 부재→RDA 월기온 델타 합성; RDA 습도 이상치→과거 습도 고정; 미래 인구 부재→2026-07 인구 고정,가이드 70:30,확인,행정동내 고령인구 균등분포 가정; LST·실보행량 대신 횡단보도·인구밀도 대체지표; 2025-12-31 공개 가공 경계; 쉼터 수용인원 1건 시설유형 중앙값 대체
23,달서구,신당동,2729058500,49.89,33.53,43.35,20.21,79.79,54.28,구·군+행정동명(취약도 파일에 행정동코드 없음),행정동코드 일치,Y,행정동 환자자료 부재→구군 환자율 모형; KMA 일자료 미확보→ERA5-Land; 미래 일자료 부재→RDA 월기온 델타 합성; RDA 습도 이상치→과거 습도 고정; 미래 인구 부재→2026-07 인구 고정,가이드 70:30,확인,행정동내 고령인구 균등분포 가정; LST·실보행량 대신 횡단보도·인구밀도 대체지표; 2025-12-31 공개 가공 경계
24,남구,봉덕3동,2720055000,46.92,41.65,44.81,25.13,74.87,53.83,구·군+행정동명(취약도 파일에 행정동코드 없음),행정동코드 일치,Y,행정동 환자자료 부재→구군 환자율 모형; KMA 일자료 미확보→ERA5-Land; 미래 일자료 부재→RDA 월기온 델타 합성; RDA 습도 이상치→과거 습도 고정; 미래 인구 부재→2026-07 인구 고정,가이드 70:30,확인,행정동내 고령인구 균등분포 가정; LST·실보행량 대신 횡단보도·인구밀도 대체지표; 2025-12-31 공개 가공 경계
25,달성군,옥포읍,2771026200,51.56,29.86,42.88,21.94,78.06,53.43,구·군+행정동명(취약도 파일에 행정동코드 없음),행정동코드 일치,Y,행정동 환자자료 부재→구군 환자율 모형; KMA 일자료 미확보→ERA5-Land; 미래 일자료 부재→RDA 월기온 델타 합성; RDA 습도 이상치→과거 습도 고정; 미래 인구 부재→2026-07 인구 고정,가이드 70:30,확인,행정동내 고령인구 균등분포 가정; LST·실보행량 대신 횡단보도·인구밀도 대체지표; 2025-12-31 공개 가공 경계
26,달성군,현풍읍,2771026500,52.93,28.35,43.1,23.46,76.54,53.13,구·군+행정동명(취약도 파일에 행정동코드 없음),행정동코드 일치,Y,행정동 환자자료 부재→구군 환자율 모형; KMA 일자료 미확보→ERA5-Land; 미래 일자료 부재→RDA 월기온 델타 합성; RDA 습도 이상치→과거 습도 고정; 미래 인구 부재→2026-07 인구 고정,가이드 70:30,확인,행정동내 고령인구 균등분포 가정; LST·실보행량 대신 횡단보도·인구밀도 대체지표; 2025-12-31 공개 가공 경계
27,달서구,장기동,2729056800,49.89,35.86,44.28,26.64,73.36,53,구·군+행정동명(취약도 파일에 행정동코드 없음),행정동코드 일치,Y,행정동 환자자료 부재→구군 환자율 모형; KMA 일자료 미확보→ERA5-Land; 미래 일자료 부재→RDA 월기온 델타 합성; RDA 습도 이상치→과거 습도 고정; 미래 인구 부재→2026-07 인구 고정,가이드 70:30,확인,행정동내 고령인구 균등분포 가정; LST·실보행량 대신 횡단보도·인구밀도 대체지표; 2025-12-31 공개 가공 경계
28,달서구,송현2동,2729064000,49.89,56.98,52.73,46.99,53.01,52.81,구·군+행정동명(취약도 파일에 행정동코드 없음),행정동코드 일치,Y,행정동 환자자료 부재→구군 환자율 모형; KMA 일자료 미확보→ERA5-Land; 미래 일자료 부재→RDA 월기온 델타 합성; RDA 습도 이상치→과거 습도 고정; 미래 인구 부재→2026-07 인구 고정,가이드 70:30,확인,행정동내 고령인구 균등분포 가정; LST·실보행량 대신 횡단보도·인구밀도 대체지표; 2025-12-31 공개 가공 경계
29,남구,대명9동,2720064000,46.92,37.21,43.04,24.56,75.44,52.76,구·군+행정동명(취약도 파일에 행정동코드 없음),행정동코드 일치,Y,행정동 환자자료 부재→구군 환자율 모형; KMA 일자료 미확보→ERA5-Land; 미래 일자료 부재→RDA 월기온 델타 합성; RDA 습도 이상치→과거 습도 고정; 미래 인구 부재→2026-07 인구 고정,가이드 70:30,확인,행정동내 고령인구 균등분포 가정; LST·실보행량 대신 횡단보도·인구밀도 대체지표; 2025-12-31 공개 가공 경계
30,달성군,화원읍,2771025000,51.56,26.67,41.6,22.77,77.23,52.29,구·군+행정동명(취약도 파일에 행정동코드 없음),행정동코드 일치,Y,행정동 환자자료 부재→구군 환자율 모형; KMA 일자료 미확보→ERA5-Land; 미래 일자료 부재→RDA 월기온 델타 합성; RDA 습도 이상치→과거 습도 고정; 미래 인구 부재→2026-07 인구 고정,가이드 70:30,확인,행정동내 고령인구 균등분포 가정; LST·실보행량 대신 횡단보도·인구밀도 대체지표; 2025-12-31 공개 가공 경계
31,달서구,상인1동,2729062400,49.89,40.01,45.94,33.47,66.53,52.12,구·군+행정동명(취약도 파일에 행정동코드 없음),행정동코드 일치,Y,행정동 환자자료 부재→구군 환자율 모형; KMA 일자료 미확보→ERA5-Land; 미래 일자료 부재→RDA 월기온 델타 합성; RDA 습도 이상치→과거 습도 고정; 미래 인구 부재→2026-07 인구 고정,가이드 70:30,확인,행정동내 고령인구 균등분포 가정; LST·실보행량 대신 횡단보도·인구밀도 대체지표; 2025-12-31 공개 가공 경계
32,중구,성내2동,2711057500,71.02,34.94,56.59,59.09,40.91,51.89,구·군+행정동명(취약도 파일에 행정동코드 없음),행정동코드 일치,Y,행정동 환자자료 부재→구군 환자율 모형; KMA 일자료 미확보→ERA5-Land; 미래 일자료 부재→RDA 월기온 델타 합성; RDA 습도 이상치→과거 습도 고정; 미래 인구 부재→2026-07 인구 고정,가이드 70:30,확인,행정동내 고령인구 균등분포 가정; LST·실보행량 대신 횡단보도·인구밀도 대체지표; 2025-12-31 공개 가공 경계
33,중구,삼덕동,2711054500,71.02,33.06,55.84,57.72,42.28,51.77,구·군+행정동명(취약도 파일에 행정동코드 없음),행정동코드 일치,Y,행정동 환자자료 부재→구군 환자율 모형; KMA 일자료 미확보→ERA5-Land; 미래 일자료 부재→RDA 월기온 델타 합성; RDA 습도 이상치→과거 습도 고정; 미래 인구 부재→2026-07 인구 고정,가이드 70:30,확인,행정동내 고령인구 균등분포 가정; LST·실보행량 대신 횡단보도·인구밀도 대체지표; 2025-12-31 공개 가공 경계
34,중구,성내1동,2711056500,71.02,39.58,58.44,64.42,35.58,51.58,구·군+행정동명(취약도 파일에 행정동코드 없음),행정동코드 일치,Y,행정동 환자자료 부재→구군 환자율 모형; KMA 일자료 미확보→ERA5-Land; 미래 일자료 부재→RDA 월기온 델타 합성; RDA 습도 이상치→과거 습도 고정; 미래 인구 부재→2026-07 인구 고정,가이드 70:30,확인,행정동내 고령인구 균등분포 가정; LST·실보행량 대신 횡단보도·인구밀도 대체지표; 2025-12-31 공개 가공 경계
35,남구,대명10동,2720065000,46.92,61.18,52.62,50.92,49.08,51.56,구·군+행정동명(취약도 파일에 행정동코드 없음),행정동코드 일치,Y,행정동 환자자료 부재→구군 환자율 모형; KMA 일자료 미확보→ERA5-Land; 미래 일자료 부재→RDA 월기온 델타 합성; RDA 습도 이상치→과거 습도 고정; 미래 인구 부재→2026-07 인구 고정,가이드 70:30,확인,행정동내 고령인구 균등분포 가정; LST·실보행량 대신 횡단보도·인구밀도 대체지표; 2025-12-31 공개 가공 경계
36,동구,지저동,2714064000,39.8,48.15,43.14,29.07,70.93,51.48,구·군+행정동명(취약도 파일에 행정동코드 없음),행정동코드 일치,Y,행정동 환자자료 부재→구군 환자율 모형; KMA 일자료 미확보→ERA5-Land; 미래 일자료 부재→RDA 월기온 델타 합성; RDA 습도 이상치→과거 습도 고정; 미래 인구 부재→2026-07 인구 고정,쉼터 단독 대체,미확인,행정동내 고령인구 균등분포 가정; LST·실보행량 대신 횡단보도·인구밀도 대체지표; 2025-12-31 공개 가공 경계; 전국 표준 그늘막 0건·구별 인증 API 상세행 미확보: 종합점수는 쉼터 단독 대체
37,동구,해안동,2714068500,35.39,47.52,40.24,23.04,76.96,51.26,구·군+행정동명(취약도 파일에 행정동코드 없음),행정동코드 일치,Y,행정동 환자자료 부재→구군 환자율 모형; KMA 일자료 미확보→ERA5-Land; 미래 일자료 부재→RDA 월기온 델타 합성; RDA 습도 이상치→과거 습도 고정; 미래 인구 부재→2026-07 인구 고정,쉼터 단독 대체,미확인,행정동내 고령인구 균등분포 가정; LST·실보행량 대신 횡단보도·인구밀도 대체지표; 2025-12-31 공개 가공 경계; 전국 표준 그늘막 0건·구별 인증 API 상세행 미확보: 종합점수는 쉼터 단독 대체
38,동구,효목1동,2714059000,39.8,62.48,48.87,43.97,56.03,51.02,구·군+행정동명(취약도 파일에 행정동코드 없음),행정동코드 일치,Y,행정동 환자자료 부재→구군 환자율 모형; KMA 일자료 미확보→ERA5-Land; 미래 일자료 부재→RDA 월기온 델타 합성; RDA 습도 이상치→과거 습도 고정; 미래 인구 부재→2026-07 인구 고정,쉼터 단독 대체,미확인,행정동내 고령인구 균등분포 가정; LST·실보행량 대신 횡단보도·인구밀도 대체지표; 2025-12-31 공개 가공 경계; 전국 표준 그늘막 0건·구별 인증 API 상세행 미확보: 종합점수는 쉼터 단독 대체
39,동구,도평동,2714061500,35.39,41.49,37.83,18.53,81.47,50.92,구·군+행정동명(취약도 파일에 행정동코드 없음),행정동코드 일치,Y,행정동 환자자료 부재→구군 환자율 모형; KMA 일자료 미확보→ERA5-Land; 미래 일자료 부재→RDA 월기온 델타 합성; RDA 습도 이상치→과거 습도 고정; 미래 인구 부재→2026-07 인구 고정,쉼터 단독 대체,미확인,행정동내 고령인구 균등분포 가정; LST·실보행량 대신 횡단보도·인구밀도 대체지표; 2025-12-31 공개 가공 경계; 전국 표준 그늘막 0건·구별 인증 API 상세행 미확보: 종합점수는 쉼터 단독 대체
40,중구,남산2동,2711065000,71.02,40.36,58.76,67.54,32.46,50.87,구·군+행정동명(취약도 파일에 행정동코드 없음),행정동코드 일치,Y,행정동 환자자료 부재→구군 환자율 모형; KMA 일자료 미확보→ERA5-Land; 미래 일자료 부재→RDA 월기온 델타 합성; RDA 습도 이상치→과거 습도 고정; 미래 인구 부재→2026-07 인구 고정,가이드 70:30,확인,행정동내 고령인구 균등분포 가정; LST·실보행량 대신 횡단보도·인구밀도 대체지표; 2025-12-31 공개 가공 경계
41,서구,비산7동,2717061000,41.29,53.59,46.21,38.55,61.45,50.78,구·군+행정동명(취약도 파일에 행정동코드 없음),행정동코드 일치,Y,행정동 환자자료 부재→구군 환자율 모형; KMA 일자료 미확보→ERA5-Land; 미래 일자료 부재→RDA 월기온 델타 합성; RDA 습도 이상치→과거 습도 고정; 미래 인구 부재→2026-07 인구 고정,쉼터 단독 대체,미확인,행정동내 고령인구 균등분포 가정; LST·실보행량 대신 횡단보도·인구밀도 대체지표; 2025-12-31 공개 가공 경계; 전국 표준 그늘막 0건·구별 인증 API 상세행 미확보: 종합점수는 쉼터 단독 대체
42,남구,대명1동,2720056000,46.92,56,50.55,48.79,51.21,50.75,구·군+행정동명(취약도 파일에 행정동코드 없음),행정동코드 일치,Y,행정동 환자자료 부재→구군 환자율 모형; KMA 일자료 미확보→ERA5-Land; 미래 일자료 부재→RDA 월기온 델타 합성; RDA 습도 이상치→과거 습도 고정; 미래 인구 부재→2026-07 인구 고정,가이드 70:30,확인,행정동내 고령인구 균등분포 가정; LST·실보행량 대신 횡단보도·인구밀도 대체지표; 2025-12-31 공개 가공 경계
43,달서구,진천동,2729061500,49.89,27.57,40.96,27.25,72.75,50.5,구·군+행정동명(취약도 파일에 행정동코드 없음),행정동코드 일치,Y,행정동 환자자료 부재→구군 환자율 모형; KMA 일자료 미확보→ERA5-Land; 미래 일자료 부재→RDA 월기온 델타 합성; RDA 습도 이상치→과거 습도 고정; 미래 인구 부재→2026-07 인구 고정,가이드 70:30,확인,행정동내 고령인구 균등분포 가정; LST·실보행량 대신 횡단보도·인구밀도 대체지표; 2025-12-31 공개 가공 경계
44,달성군,구지면,2771038000,52.93,22.23,40.65,27.12,72.88,50.32,구·군+행정동명(취약도 파일에 행정동코드 없음),행정동코드 일치,Y,행정동 환자자료 부재→구군 환자율 모형; KMA 일자료 미확보→ERA5-Land; 미래 일자료 부재→RDA 월기온 델타 합성; RDA 습도 이상치→과거 습도 고정; 미래 인구 부재→2026-07 인구 고정,가이드 70:30,확인,행정동내 고령인구 균등분포 가정; LST·실보행량 대신 횡단보도·인구밀도 대체지표; 2025-12-31 공개 가공 경계
45,남구,봉덕1동,2720053000,46.92,60.51,52.36,54.69,45.31,50.24,구·군+행정동명(취약도 파일에 행정동코드 없음),행정동코드 일치,Y,행정동 환자자료 부재→구군 환자율 모형; KMA 일자료 미확보→ERA5-Land; 미래 일자료 부재→RDA 월기온 델타 합성; RDA 습도 이상치→과거 습도 고정; 미래 인구 부재→2026-07 인구 고정,가이드 70:30,확인,행정동내 고령인구 균등분포 가정; LST·실보행량 대신 횡단보도·인구밀도 대체지표; 2025-12-31 공개 가공 경계
46,중구,성내3동,2711058500,71.02,24.87,52.56,55.31,44.69,50.2,구·군+행정동명(취약도 파일에 행정동코드 없음),행정동코드 일치,Y,행정동 환자자료 부재→구군 환자율 모형; KMA 일자료 미확보→ERA5-Land; 미래 일자료 부재→RDA 월기온 델타 합성; RDA 습도 이상치→과거 습도 고정; 미래 인구 부재→2026-07 인구 고정,가이드 70:30,확인,행정동내 고령인구 균등분포 가정; LST·실보행량 대신 횡단보도·인구밀도 대체지표; 2025-12-31 공개 가공 경계
47,달서구,감삼동,2729055500,49.89,35.56,44.16,36.8,63.2,49.87,구·군+행정동명(취약도 파일에 행정동코드 없음),행정동코드 일치,Y,행정동 환자자료 부재→구군 환자율 모형; KMA 일자료 미확보→ERA5-Land; 미래 일자료 부재→RDA 월기온 델타 합성; RDA 습도 이상치→과거 습도 고정; 미래 인구 부재→2026-07 인구 고정,가이드 70:30,확인,행정동내 고령인구 균등분포 가정; LST·실보행량 대신 횡단보도·인구밀도 대체지표; 2025-12-31 공개 가공 경계
48,남구,대명6동,2720061000,46.92,33.83,41.68,31.36,68.64,49.77,구·군+행정동명(취약도 파일에 행정동코드 없음),행정동코드 일치,Y,행정동 환자자료 부재→구군 환자율 모형; KMA 일자료 미확보→ERA5-Land; 미래 일자료 부재→RDA 월기온 델타 합성; RDA 습도 이상치→과거 습도 고정; 미래 인구 부재→2026-07 인구 고정,가이드 70:30,확인,행정동내 고령인구 균등분포 가정; LST·실보행량 대신 횡단보도·인구밀도 대체지표; 2025-12-31 공개 가공 경계; 쉼터 수용인원 1건 시설유형 중앙값 대체
49,달서구,월성1동,2729060100,49.89,22.87,39.08,26.41,73.59,49.43,구·군+행정동명(취약도 파일에 행정동코드 없음),행정동코드 일치,Y,행정동 환자자료 부재→구군 환자율 모형; KMA 일자료 미확보→ERA5-Land; 미래 일자료 부재→RDA 월기온 델타 합성; RDA 습도 이상치→과거 습도 고정; 미래 인구 부재→2026-07 인구 고정,가이드 70:30,확인,행정동내 고령인구 균등분포 가정; LST·실보행량 대신 횡단보도·인구밀도 대체지표; 2025-12-31 공개 가공 경계
50,달서구,유천동,2729061700,49.89,19.33,37.67,23.14,76.86,49.43,구·군+행정동명(취약도 파일에 행정동코드 없음),행정동코드 일치,Y,행정동 환자자료 부재→구군 환자율 모형; KMA 일자료 미확보→ERA5-Land; 미래 일자료 부재→RDA 월기온 델타 합성; RDA 습도 이상치→과거 습도 고정; 미래 인구 부재→2026-07 인구 고정,가이드 70:30,확인,행정동내 고령인구 균등분포 가정; LST·실보행량 대신 횡단보도·인구밀도 대체지표; 2025-12-31 공개 가공 경계
51,서구,상중이동,2717067500,40.83,42.43,41.47,32.03,67.97,49.42,구·군+행정동명(취약도 파일에 행정동코드 없음),행정동코드 일치,Y,행정동 환자자료 부재→구군 환자율 모형; KMA 일자료 미확보→ERA5-Land; 미래 일자료 부재→RDA 월기온 델타 합성; RDA 습도 이상치→과거 습도 고정; 미래 인구 부재→2026-07 인구 고정,쉼터 단독 대체,미확인,행정동내 고령인구 균등분포 가정; LST·실보행량 대신 횡단보도·인구밀도 대체지표; 2025-12-31 공개 가공 경계; 전국 표준 그늘막 0건·구별 인증 API 상세행 미확보: 종합점수는 쉼터 단독 대체
52,남구,봉덕2동,2720054000,46.92,32.88,41.3,31.67,68.33,49.41,구·군+행정동명(취약도 파일에 행정동코드 없음),행정동코드 일치,Y,행정동 환자자료 부재→구군 환자율 모형; KMA 일자료 미확보→ERA5-Land; 미래 일자료 부재→RDA 월기온 델타 합성; RDA 습도 이상치→과거 습도 고정; 미래 인구 부재→2026-07 인구 고정,가이드 70:30,확인,행정동내 고령인구 균등분포 가정; LST·실보행량 대신 횡단보도·인구밀도 대체지표; 2025-12-31 공개 가공 경계
53,달서구,본동,2729065000,49.89,39.31,45.66,42.16,57.84,49.31,구·군+행정동명(취약도 파일에 행정동코드 없음),행정동코드 일치,Y,행정동 환자자료 부재→구군 환자율 모형; KMA 일자료 미확보→ERA5-Land; 미래 일자료 부재→RDA 월기온 델타 합성; RDA 습도 이상치→과거 습도 고정; 미래 인구 부재→2026-07 인구 고정,가이드 70:30,확인,행정동내 고령인구 균등분포 가정; LST·실보행량 대신 횡단보도·인구밀도 대체지표; 2025-12-31 공개 가공 경계
54,동구,안심3동,2714074200,35.39,37.2,36.11,19.91,80.09,49.3,구·군+행정동명(취약도 파일에 행정동코드 없음),행정동코드 일치,Y,행정동 환자자료 부재→구군 환자율 모형; KMA 일자료 미확보→ERA5-Land; 미래 일자료 부재→RDA 월기온 델타 합성; RDA 습도 이상치→과거 습도 고정; 미래 인구 부재→2026-07 인구 고정,쉼터 단독 대체,미확인,행정동내 고령인구 균등분포 가정; LST·실보행량 대신 횡단보도·인구밀도 대체지표; 2025-12-31 공개 가공 경계; 전국 표준 그늘막 0건·구별 인증 API 상세행 미확보: 종합점수는 쉼터 단독 대체
55,달서구,상인2동,2729062500,49.89,44.6,47.77,47.47,52.53,49.2,구·군+행정동명(취약도 파일에 행정동코드 없음),행정동코드 일치,Y,행정동 환자자료 부재→구군 환자율 모형; KMA 일자료 미확보→ERA5-Land; 미래 일자료 부재→RDA 월기온 델타 합성; RDA 습도 이상치→과거 습도 고정; 미래 인구 부재→2026-07 인구 고정,가이드 70:30,확인,행정동내 고령인구 균등분포 가정; LST·실보행량 대신 횡단보도·인구밀도 대체지표; 2025-12-31 공개 가공 경계
56,달서구,이곡2동,2729057700,35.97,37.05,36.4,23.01,76.99,48.58,구·군+행정동명(취약도 파일에 행정동코드 없음),행정동코드 일치,Y,행정동 환자자료 부재→구군 환자율 모형; KMA 일자료 미확보→ERA5-Land; 미래 일자료 부재→RDA 월기온 델타 합성; RDA 습도 이상치→과거 습도 고정; 미래 인구 부재→2026-07 인구 고정,가이드 70:30,확인,행정동내 고령인구 균등분포 가정; LST·실보행량 대신 횡단보도·인구밀도 대체지표; 2025-12-31 공개 가공 경계
57,서구,내당4동,2717054000,41.29,55.92,47.14,48.64,51.36,48.41,구·군+행정동명(취약도 파일에 행정동코드 없음),행정동코드 일치,Y,행정동 환자자료 부재→구군 환자율 모형; KMA 일자료 미확보→ERA5-Land; 미래 일자료 부재→RDA 월기온 델타 합성; RDA 습도 이상치→과거 습도 고정; 미래 인구 부재→2026-07 인구 고정,쉼터 단독 대체,미확인,행정동내 고령인구 균등분포 가정; LST·실보행량 대신 횡단보도·인구밀도 대체지표; 2025-12-31 공개 가공 경계; 전국 표준 그늘막 0건·구별 인증 API 상세행 미확보: 종합점수는 쉼터 단독 대체
58,달서구,본리동,2729059000,49.89,34.24,43.63,41.59,58.41,48.06,구·군+행정동명(취약도 파일에 행정동코드 없음),행정동코드 일치,Y,행정동 환자자료 부재→구군 환자율 모형; KMA 일자료 미확보→ERA5-Land; 미래 일자료 부재→RDA 월기온 델타 합성; RDA 습도 이상치→과거 습도 고정; 미래 인구 부재→2026-07 인구 고정,가이드 70:30,확인,행정동내 고령인구 균등분포 가정; LST·실보행량 대신 횡단보도·인구밀도 대체지표; 2025-12-31 공개 가공 경계
59,서구,비산2·3동,2717056500,41.29,72.47,53.76,66.11,33.89,47.8,구·군+행정동명(구분기호 정규화: 비산2·3동↔비산2.3동),행정동코드 일치,Y,행정동 환자자료 부재→구군 환자율 모형; KMA 일자료 미확보→ERA5-Land; 미래 일자료 부재→RDA 월기온 델타 합성; RDA 습도 이상치→과거 습도 고정; 미래 인구 부재→2026-07 인구 고정,쉼터 단독 대체,미확인,행정동내 고령인구 균등분포 가정; LST·실보행량 대신 횡단보도·인구밀도 대체지표; 2025-12-31 공개 가공 경계; 전국 표준 그늘막 0건·구별 인증 API 상세행 미확보: 종합점수는 쉼터 단독 대체
60,동구,동촌동,2714065500,35.39,41,37.63,29.44,70.56,47.51,구·군+행정동명(취약도 파일에 행정동코드 없음),행정동코드 일치,Y,행정동 환자자료 부재→구군 환자율 모형; KMA 일자료 미확보→ERA5-Land; 미래 일자료 부재→RDA 월기온 델타 합성; RDA 습도 이상치→과거 습도 고정; 미래 인구 부재→2026-07 인구 고정,쉼터 단독 대체,미확인,행정동내 고령인구 균등분포 가정; LST·실보행량 대신 횡단보도·인구밀도 대체지표; 2025-12-31 공개 가공 경계; 전국 표준 그늘막 0건·구별 인증 API 상세행 미확보: 종합점수는 쉼터 단독 대체
61,동구,안심1동,2714072000,35.39,46.14,39.69,34.3,65.7,47.49,구·군+행정동명(취약도 파일에 행정동코드 없음),행정동코드 일치,Y,행정동 환자자료 부재→구군 환자율 모형; KMA 일자료 미확보→ERA5-Land; 미래 일자료 부재→RDA 월기온 델타 합성; RDA 습도 이상치→과거 습도 고정; 미래 인구 부재→2026-07 인구 고정,쉼터 단독 대체,미확인,행정동내 고령인구 균등분포 가정; LST·실보행량 대신 횡단보도·인구밀도 대체지표; 2025-12-31 공개 가공 경계; 전국 표준 그늘막 0건·구별 인증 API 상세행 미확보: 종합점수는 쉼터 단독 대체
62,달성군,논공읍,2771025300,25.94,45.22,33.65,20.45,79.55,47.42,구·군+행정동명(취약도 파일에 행정동코드 없음),행정동코드 일치,Y,행정동 환자자료 부재→구군 환자율 모형; KMA 일자료 미확보→ERA5-Land; 미래 일자료 부재→RDA 월기온 델타 합성; RDA 습도 이상치→과거 습도 고정; 미래 인구 부재→2026-07 인구 고정,가이드 70:30,확인,행정동내 고령인구 균등분포 가정; LST·실보행량 대신 횡단보도·인구밀도 대체지표; 2025-12-31 공개 가공 경계; 출장소 인구를 해당 읍에 합산
63,달서구,용산1동,2729057100,35.97,34.75,35.48,24.76,75.24,47.41,구·군+행정동명(취약도 파일에 행정동코드 없음),행정동코드 일치,Y,행정동 환자자료 부재→구군 환자율 모형; KMA 일자료 미확보→ERA5-Land; 미래 일자료 부재→RDA 월기온 델타 합성; RDA 습도 이상치→과거 습도 고정; 미래 인구 부재→2026-07 인구 고정,가이드 70:30,확인,행정동내 고령인구 균등분포 가정; LST·실보행량 대신 횡단보도·인구밀도 대체지표; 2025-12-31 공개 가공 경계
64,남구,대명5동,2720060000,46.92,34.34,41.89,41.72,58.28,46.81,구·군+행정동명(취약도 파일에 행정동코드 없음),행정동코드 일치,Y,행정동 환자자료 부재→구군 환자율 모형; KMA 일자료 미확보→ERA5-Land; 미래 일자료 부재→RDA 월기온 델타 합성; RDA 습도 이상치→과거 습도 고정; 미래 인구 부재→2026-07 인구 고정,가이드 70:30,확인,행정동내 고령인구 균등분포 가정; LST·실보행량 대신 횡단보도·인구밀도 대체지표; 2025-12-31 공개 가공 경계
65,동구,불로·봉무동,2714062000,39.8,30.37,36.03,28.2,71.8,46.76,구·군+행정동명(구분기호 정규화: 불로·봉무동↔불로.봉무동),행정동코드 일치,Y,행정동 환자자료 부재→구군 환자율 모형; KMA 일자료 미확보→ERA5-Land; 미래 일자료 부재→RDA 월기온 델타 합성; RDA 습도 이상치→과거 습도 고정; 미래 인구 부재→2026-07 인구 고정,쉼터 단독 대체,미확인,행정동내 고령인구 균등분포 가정; LST·실보행량 대신 횡단보도·인구밀도 대체지표; 2025-12-31 공개 가공 경계; 전국 표준 그늘막 0건·구별 인증 API 상세행 미확보: 종합점수는 쉼터 단독 대체
66,서구,평리6동,2717066100,41.29,42.87,41.92,42.48,57.52,46.6,구·군+행정동명(취약도 파일에 행정동코드 없음),행정동코드 일치,Y,행정동 환자자료 부재→구군 환자율 모형; KMA 일자료 미확보→ERA5-Land; 미래 일자료 부재→RDA 월기온 델타 합성; RDA 습도 이상치→과거 습도 고정; 미래 인구 부재→2026-07 인구 고정,쉼터 단독 대체,미확인,행정동내 고령인구 균등분포 가정; LST·실보행량 대신 횡단보도·인구밀도 대체지표; 2025-12-31 공개 가공 경계; 전국 표준 그늘막 0건·구별 인증 API 상세행 미확보: 종합점수는 쉼터 단독 대체
67,달서구,두류3동,2729055000,36.39,40.06,37.86,35.09,64.91,45.97,구·군+행정동명(취약도 파일에 행정동코드 없음),행정동코드 일치,Y,행정동 환자자료 부재→구군 환자율 모형; KMA 일자료 미확보→ERA5-Land; 미래 일자료 부재→RDA 월기온 델타 합성; RDA 습도 이상치→과거 습도 고정; 미래 인구 부재→2026-07 인구 고정,가이드 70:30,확인,행정동내 고령인구 균등분포 가정; LST·실보행량 대신 횡단보도·인구밀도 대체지표; 2025-12-31 공개 가공 경계
68,북구,검단동,2723068000,11.59,59.99,30.95,19.45,80.55,45.83,구·군+행정동명(취약도 파일에 행정동코드 없음),행정동코드 일치,Y,행정동 환자자료 부재→구군 환자율 모형; KMA 일자료 미확보→ERA5-Land; 미래 일자료 부재→RDA 월기온 델타 합성; RDA 습도 이상치→과거 습도 고정; 미래 인구 부재→2026-07 인구 고정,가이드 70:30,확인,행정동내 고령인구 균등분포 가정; LST·실보행량 대신 횡단보도·인구밀도 대체지표; 2025-12-31 공개 가공 경계
69,동구,방촌동,2714067000,35.39,57.27,44.14,50.48,49.52,45.75,구·군+행정동명(취약도 파일에 행정동코드 없음),행정동코드 일치,Y,행정동 환자자료 부재→구군 환자율 모형; KMA 일자료 미확보→ERA5-Land; 미래 일자료 부재→RDA 월기온 델타 합성; RDA 습도 이상치→과거 습도 고정; 미래 인구 부재→2026-07 인구 고정,쉼터 단독 대체,미확인,행정동내 고령인구 균등분포 가정; LST·실보행량 대신 횡단보도·인구밀도 대체지표; 2025-12-31 공개 가공 경계; 전국 표준 그늘막 0건·구별 인증 API 상세행 미확보: 종합점수는 쉼터 단독 대체
70,서구,비산5동,2717059000,41.29,72.39,53.73,72.95,27.05,45.73,구·군+행정동명(취약도 파일에 행정동코드 없음),행정동코드 일치,Y,행정동 환자자료 부재→구군 환자율 모형; KMA 일자료 미확보→ERA5-Land; 미래 일자료 부재→RDA 월기온 델타 합성; RDA 습도 이상치→과거 습도 고정; 미래 인구 부재→2026-07 인구 고정,쉼터 단독 대체,미확인,행정동내 고령인구 균등분포 가정; LST·실보행량 대신 횡단보도·인구밀도 대체지표; 2025-12-31 공개 가공 경계; 전국 표준 그늘막 0건·구별 인증 API 상세행 미확보: 종합점수는 쉼터 단독 대체
71,동구,안심2동,2714073000,35.39,23.78,30.75,19.4,80.6,45.71,구·군+행정동명(취약도 파일에 행정동코드 없음),행정동코드 일치,Y,행정동 환자자료 부재→구군 환자율 모형; KMA 일자료 미확보→ERA5-Land; 미래 일자료 부재→RDA 월기온 델타 합성; RDA 습도 이상치→과거 습도 고정; 미래 인구 부재→2026-07 인구 고정,쉼터 단독 대체,미확인,행정동내 고령인구 균등분포 가정; LST·실보행량 대신 횡단보도·인구밀도 대체지표; 2025-12-31 공개 가공 경계; 전국 표준 그늘막 0건·구별 인증 API 상세행 미확보: 종합점수는 쉼터 단독 대체
72,달서구,"두류1,2동",2729053500,36.39,44.36,39.58,40.33,59.67,45.61,"구·군+행정동명(구분기호 정규화: 두류1,2동↔두류1.2동)",행정동코드 일치,Y,행정동 환자자료 부재→구군 환자율 모형; KMA 일자료 미확보→ERA5-Land; 미래 일자료 부재→RDA 월기온 델타 합성; RDA 습도 이상치→과거 습도 고정; 미래 인구 부재→2026-07 인구 고정,가이드 70:30,확인,행정동내 고령인구 균등분포 가정; LST·실보행량 대신 횡단보도·인구밀도 대체지표; 2025-12-31 공개 가공 경계
73,달성군,다사읍,2771025600,37.94,19.91,30.73,20.61,79.39,45.33,구·군+행정동명(취약도 파일에 행정동코드 없음),행정동코드 일치,Y,행정동 환자자료 부재→구군 환자율 모형; KMA 일자료 미확보→ERA5-Land; 미래 일자료 부재→RDA 월기온 델타 합성; RDA 습도 이상치→과거 습도 고정; 미래 인구 부재→2026-07 인구 고정,가이드 70:30,확인,행정동내 고령인구 균등분포 가정; LST·실보행량 대신 횡단보도·인구밀도 대체지표; 2025-12-31 공개 가공 경계; 출장소 인구를 해당 읍에 합산
74,동구,효목2동,2714060000,39.8,52.53,44.89,54.85,45.15,44.97,구·군+행정동명(취약도 파일에 행정동코드 없음),행정동코드 일치,Y,행정동 환자자료 부재→구군 환자율 모형; KMA 일자료 미확보→ERA5-Land; 미래 일자료 부재→RDA 월기온 델타 합성; RDA 습도 이상치→과거 습도 고정; 미래 인구 부재→2026-07 인구 고정,쉼터 단독 대체,미확인,행정동내 고령인구 균등분포 가정; LST·실보행량 대신 횡단보도·인구밀도 대체지표; 2025-12-31 공개 가공 경계; 전국 표준 그늘막 0건·구별 인증 API 상세행 미확보: 종합점수는 쉼터 단독 대체
75,동구,안심4동,2714074700,35.39,40.7,37.51,37.97,62.03,44.87,구·군+행정동명(취약도 파일에 행정동코드 없음),행정동코드 일치,Y,행정동 환자자료 부재→구군 환자율 모형; KMA 일자료 미확보→ERA5-Land; 미래 일자료 부재→RDA 월기온 델타 합성; RDA 습도 이상치→과거 습도 고정; 미래 인구 부재→2026-07 인구 고정,쉼터 단독 대체,미확인,행정동내 고령인구 균등분포 가정; LST·실보행량 대신 횡단보도·인구밀도 대체지표; 2025-12-31 공개 가공 경계; 전국 표준 그늘막 0건·구별 인증 API 상세행 미확보: 종합점수는 쉼터 단독 대체
76,서구,내당2·3동,2717052500,41.29,65.83,51.11,70.89,29.11,44.51,구·군+행정동명(구분기호 정규화: 내당2·3동↔내당2.3동),행정동코드 일치,Y,행정동 환자자료 부재→구군 환자율 모형; KMA 일자료 미확보→ERA5-Land; 미래 일자료 부재→RDA 월기온 델타 합성; RDA 습도 이상치→과거 습도 고정; 미래 인구 부재→2026-07 인구 고정,쉼터 단독 대체,미확인,행정동내 고령인구 균등분포 가정; LST·실보행량 대신 횡단보도·인구밀도 대체지표; 2025-12-31 공개 가공 경계; 전국 표준 그늘막 0건·구별 인증 API 상세행 미확보: 종합점수는 쉼터 단독 대체
77,서구,비산6동,2717060000,41.29,62.05,49.59,67.99,32.01,44.32,구·군+행정동명(취약도 파일에 행정동코드 없음),행정동코드 일치,Y,행정동 환자자료 부재→구군 환자율 모형; KMA 일자료 미확보→ERA5-Land; 미래 일자료 부재→RDA 월기온 델타 합성; RDA 습도 이상치→과거 습도 고정; 미래 인구 부재→2026-07 인구 고정,쉼터 단독 대체,미확인,행정동내 고령인구 균등분포 가정; LST·실보행량 대신 횡단보도·인구밀도 대체지표; 2025-12-31 공개 가공 경계; 전국 표준 그늘막 0건·구별 인증 API 상세행 미확보: 종합점수는 쉼터 단독 대체
78,동구,신천1·2동,2714055500,39.8,63.81,49.4,68.45,31.55,44.05,구·군+행정동명(구분기호 정규화: 신천1·2동↔신천1.2동),행정동코드 일치,Y,행정동 환자자료 부재→구군 환자율 모형; KMA 일자료 미확보→ERA5-Land; 미래 일자료 부재→RDA 월기온 델타 합성; RDA 습도 이상치→과거 습도 고정; 미래 인구 부재→2026-07 인구 고정,쉼터 단독 대체,미확인,행정동내 고령인구 균등분포 가정; LST·실보행량 대신 횡단보도·인구밀도 대체지표; 2025-12-31 공개 가공 경계; 전국 표준 그늘막 0건·구별 인증 API 상세행 미확보: 종합점수는 쉼터 단독 대체
79,달서구,이곡1동,2729057600,35.97,27.61,32.63,29.3,70.7,44.05,구·군+행정동명(취약도 파일에 행정동코드 없음),행정동코드 일치,Y,행정동 환자자료 부재→구군 환자율 모형; KMA 일자료 미확보→ERA5-Land; 미래 일자료 부재→RDA 월기온 델타 합성; RDA 습도 이상치→과거 습도 고정; 미래 인구 부재→2026-07 인구 고정,가이드 70:30,확인,행정동내 고령인구 균등분포 가정; LST·실보행량 대신 횡단보도·인구밀도 대체지표; 2025-12-31 공개 가공 경계
80,서구,비산1동,2717055000,41.29,62.55,49.79,69.59,30.41,43.98,구·군+행정동명(취약도 파일에 행정동코드 없음),행정동코드 일치,Y,행정동 환자자료 부재→구군 환자율 모형; KMA 일자료 미확보→ERA5-Land; 미래 일자료 부재→RDA 월기온 델타 합성; RDA 습도 이상치→과거 습도 고정; 미래 인구 부재→2026-07 인구 고정,쉼터 단독 대체,미확인,행정동내 고령인구 균등분포 가정; LST·실보행량 대신 횡단보도·인구밀도 대체지표; 2025-12-31 공개 가공 경계; 전국 표준 그늘막 0건·구별 인증 API 상세행 미확보: 종합점수는 쉼터 단독 대체
81,달서구,용산2동,2729057200,35.97,28.7,33.06,31.5,68.5,43.69,구·군+행정동명(취약도 파일에 행정동코드 없음),행정동코드 일치,Y,행정동 환자자료 부재→구군 환자율 모형; KMA 일자료 미확보→ERA5-Land; 미래 일자료 부재→RDA 월기온 델타 합성; RDA 습도 이상치→과거 습도 고정; 미래 인구 부재→2026-07 인구 고정,가이드 70:30,확인,행정동내 고령인구 균등분포 가정; LST·실보행량 대신 횡단보도·인구밀도 대체지표; 2025-12-31 공개 가공 경계
82,동구,신암1동,2714051000,39.8,51.24,44.38,59.14,40.86,43.32,구·군+행정동명(취약도 파일에 행정동코드 없음),행정동코드 일치,Y,행정동 환자자료 부재→구군 환자율 모형; KMA 일자료 미확보→ERA5-Land; 미래 일자료 부재→RDA 월기온 델타 합성; RDA 습도 이상치→과거 습도 고정; 미래 인구 부재→2026-07 인구 고정,쉼터 단독 대체,미확인,행정동내 고령인구 균등분포 가정; LST·실보행량 대신 횡단보도·인구밀도 대체지표; 2025-12-31 공개 가공 경계; 전국 표준 그늘막 0건·구별 인증 API 상세행 미확보: 종합점수는 쉼터 단독 대체
83,달서구,죽전동,2729056300,35.97,42.73,38.67,46.31,53.69,43.18,구·군+행정동명(취약도 파일에 행정동코드 없음),행정동코드 일치,Y,행정동 환자자료 부재→구군 환자율 모형; KMA 일자료 미확보→ERA5-Land; 미래 일자료 부재→RDA 월기온 델타 합성; RDA 습도 이상치→과거 습도 고정; 미래 인구 부재→2026-07 인구 고정,가이드 70:30,확인,행정동내 고령인구 균등분포 가정; LST·실보행량 대신 횡단보도·인구밀도 대체지표; 2025-12-31 공개 가공 경계
84,서구,평리1동,2717062000,41.29,64.3,50.49,73.92,26.08,43.17,구·군+행정동명(취약도 파일에 행정동코드 없음),행정동코드 일치,Y,행정동 환자자료 부재→구군 환자율 모형; KMA 일자료 미확보→ERA5-Land; 미래 일자료 부재→RDA 월기온 델타 합성; RDA 습도 이상치→과거 습도 고정; 미래 인구 부재→2026-07 인구 고정,쉼터 단독 대체,미확인,행정동내 고령인구 균등분포 가정; LST·실보행량 대신 횡단보도·인구밀도 대체지표; 2025-12-31 공개 가공 경계; 전국 표준 그늘막 0건·구별 인증 API 상세행 미확보: 종합점수는 쉼터 단독 대체
85,수성구,범물1동,2726066100,12.14,54.49,29.08,24.04,75.96,43.14,구·군+행정동명(취약도 파일에 행정동코드 없음),행정동코드 일치,Y,행정동 환자자료 부재→구군 환자율 모형; KMA 일자료 미확보→ERA5-Land; 미래 일자료 부재→RDA 월기온 델타 합성; RDA 습도 이상치→과거 습도 고정; 미래 인구 부재→2026-07 인구 고정,쉼터 단독 대체,미확인,행정동내 고령인구 균등분포 가정; LST·실보행량 대신 횡단보도·인구밀도 대체지표; 2025-12-31 공개 가공 경계; 전국 표준 그늘막 0건·추가 공개 좌표자료 미확인: 종합점수는 쉼터 단독 대체
86,북구,산격4동,2723063100,11.59,55.77,29.26,25.13,74.87,42.94,구·군+행정동명(취약도 파일에 행정동코드 없음),행정동코드 일치,Y,행정동 환자자료 부재→구군 환자율 모형; KMA 일자료 미확보→ERA5-Land; 미래 일자료 부재→RDA 월기온 델타 합성; RDA 습도 이상치→과거 습도 고정; 미래 인구 부재→2026-07 인구 고정,가이드 70:30,확인,행정동내 고령인구 균등분포 가정; LST·실보행량 대신 횡단보도·인구밀도 대체지표; 2025-12-31 공개 가공 경계
87,서구,평리4동,2717065000,41.29,51.79,45.49,64.27,35.73,42.56,구·군+행정동명(취약도 파일에 행정동코드 없음),행정동코드 일치,Y,행정동 환자자료 부재→구군 환자율 모형; KMA 일자료 미확보→ERA5-Land; 미래 일자료 부재→RDA 월기온 델타 합성; RDA 습도 이상치→과거 습도 고정; 미래 인구 부재→2026-07 인구 고정,쉼터 단독 대체,미확인,행정동내 고령인구 균등분포 가정; LST·실보행량 대신 횡단보도·인구밀도 대체지표; 2025-12-31 공개 가공 경계; 전국 표준 그늘막 0건·구별 인증 API 상세행 미확보: 종합점수는 쉼터 단독 대체
88,북구,침산1동,2723055000,11.59,56.23,29.45,27.3,72.7,42.43,구·군+행정동명(취약도 파일에 행정동코드 없음),행정동코드 일치,Y,행정동 환자자료 부재→구군 환자율 모형; KMA 일자료 미확보→ERA5-Land; 미래 일자료 부재→RDA 월기온 델타 합성; RDA 습도 이상치→과거 습도 고정; 미래 인구 부재→2026-07 인구 고정,가이드 70:30,확인,행정동내 고령인구 균등분포 가정; LST·실보행량 대신 횡단보도·인구밀도 대체지표; 2025-12-31 공개 가공 경계
89,동구,신암5동,2714054100,39.8,53.41,45.24,64.54,35.46,42.31,구·군+행정동명(취약도 파일에 행정동코드 없음),행정동코드 일치,Y,행정동 환자자료 부재→구군 환자율 모형; KMA 일자료 미확보→ERA5-Land; 미래 일자료 부재→RDA 월기온 델타 합성; RDA 습도 이상치→과거 습도 고정; 미래 인구 부재→2026-07 인구 고정,쉼터 단독 대체,미확인,행정동내 고령인구 균등분포 가정; LST·실보행량 대신 횡단보도·인구밀도 대체지표; 2025-12-31 공개 가공 경계; 전국 표준 그늘막 0건·구별 인증 API 상세행 미확보: 종합점수는 쉼터 단독 대체
90,서구,평리3동,2717064000,41.29,48.56,44.2,62.29,37.71,42.25,구·군+행정동명(취약도 파일에 행정동코드 없음),행정동코드 일치,Y,행정동 환자자료 부재→구군 환자율 모형; KMA 일자료 미확보→ERA5-Land; 미래 일자료 부재→RDA 월기온 델타 합성; RDA 습도 이상치→과거 습도 고정; 미래 인구 부재→2026-07 인구 고정,쉼터 단독 대체,미확인,행정동내 고령인구 균등분포 가정; LST·실보행량 대신 횡단보도·인구밀도 대체지표; 2025-12-31 공개 가공 경계; 전국 표준 그늘막 0건·구별 인증 API 상세행 미확보: 종합점수는 쉼터 단독 대체
91,동구,혁신동,2714075500,35.39,12.06,26.06,20.07,79.93,42.22,구·군+행정동명(취약도 파일에 행정동코드 없음),행정동코드 일치,Y,행정동 환자자료 부재→구군 환자율 모형; KMA 일자료 미확보→ERA5-Land; 미래 일자료 부재→RDA 월기온 델타 합성; RDA 습도 이상치→과거 습도 고정; 미래 인구 부재→2026-07 인구 고정,쉼터 단독 대체,미확인,행정동내 고령인구 균등분포 가정; LST·실보행량 대신 횡단보도·인구밀도 대체지표; 2025-12-31 공개 가공 경계; 전국 표준 그늘막 0건·구별 인증 API 상세행 미확보: 종합점수는 쉼터 단독 대체
92,북구,노원동,2723079000,11.59,53.61,28.4,26.75,73.25,41.86,구·군+행정동명(취약도 파일에 행정동코드 없음),행정동코드 일치,Y,행정동 환자자료 부재→구군 환자율 모형; KMA 일자료 미확보→ERA5-Land; 미래 일자료 부재→RDA 월기온 델타 합성; RDA 습도 이상치→과거 습도 고정; 미래 인구 부재→2026-07 인구 고정,가이드 70:30,확인,행정동내 고령인구 균등분포 가정; LST·실보행량 대신 횡단보도·인구밀도 대체지표; 2025-12-31 공개 가공 경계
93,서구,원대동,2717069500,41.29,52.96,45.96,68.08,31.92,41.75,구·군+행정동명(취약도 파일에 행정동코드 없음),행정동코드 일치,Y,행정동 환자자료 부재→구군 환자율 모형; KMA 일자료 미확보→ERA5-Land; 미래 일자료 부재→RDA 월기온 델타 합성; RDA 습도 이상치→과거 습도 고정; 미래 인구 부재→2026-07 인구 고정,쉼터 단독 대체,미확인,행정동내 고령인구 균등분포 가정; LST·실보행량 대신 횡단보도·인구밀도 대체지표; 2025-12-31 공개 가공 경계; 전국 표준 그늘막 0건·구별 인증 API 상세행 미확보: 종합점수는 쉼터 단독 대체
94,달성군,가창면,2771031000,6.2,52.89,24.88,20.52,79.48,41.26,구·군+행정동명(취약도 파일에 행정동코드 없음),행정동코드 일치,Y,행정동 환자자료 부재→구군 환자율 모형; KMA 일자료 미확보→ERA5-Land; 미래 일자료 부재→RDA 월기온 델타 합성; RDA 습도 이상치→과거 습도 고정; 미래 인구 부재→2026-07 인구 고정,가이드 70:30,확인,행정동내 고령인구 균등분포 가정; LST·실보행량 대신 횡단보도·인구밀도 대체지표; 2025-12-31 공개 가공 경계
95,달서구,상인3동,2729062600,5.49,51.59,23.93,18.51,81.49,41.2,구·군+행정동명(취약도 파일에 행정동코드 없음),행정동코드 일치,Y,행정동 환자자료 부재→구군 환자율 모형; KMA 일자료 미확보→ERA5-Land; 미래 일자료 부재→RDA 월기온 델타 합성; RDA 습도 이상치→과거 습도 고정; 미래 인구 부재→2026-07 인구 고정,가이드 70:30,확인,행정동내 고령인구 균등분포 가정; LST·실보행량 대신 횡단보도·인구밀도 대체지표; 2025-12-31 공개 가공 경계
96,수성구,만촌1동,2726055000,29.07,36.45,32.02,38.01,61.99,41.01,구·군+행정동명(취약도 파일에 행정동코드 없음),행정동코드 일치,Y,행정동 환자자료 부재→구군 환자율 모형; KMA 일자료 미확보→ERA5-Land; 미래 일자료 부재→RDA 월기온 델타 합성; RDA 습도 이상치→과거 습도 고정; 미래 인구 부재→2026-07 인구 고정,쉼터 단독 대체,미확인,행정동내 고령인구 균등분포 가정; LST·실보행량 대신 횡단보도·인구밀도 대체지표; 2025-12-31 공개 가공 경계; 전국 표준 그늘막 0건·추가 공개 좌표자료 미확인: 종합점수는 쉼터 단독 대체
97,서구,내당1동,2717051000,41.29,39.28,40.49,57.99,42.01,40.95,구·군+행정동명(취약도 파일에 행정동코드 없음),행정동코드 일치,Y,행정동 환자자료 부재→구군 환자율 모형; KMA 일자료 미확보→ERA5-Land; 미래 일자료 부재→RDA 월기온 델타 합성; RDA 습도 이상치→과거 습도 고정; 미래 인구 부재→2026-07 인구 고정,쉼터 단독 대체,미확인,행정동내 고령인구 균등분포 가정; LST·실보행량 대신 횡단보도·인구밀도 대체지표; 2025-12-31 공개 가공 경계; 전국 표준 그늘막 0건·구별 인증 API 상세행 미확보: 종합점수는 쉼터 단독 대체
98,동구,신천3동,2714057000,39.8,38.87,39.43,55.58,44.42,40.93,구·군+행정동명(취약도 파일에 행정동코드 없음),행정동코드 일치,Y,행정동 환자자료 부재→구군 환자율 모형; KMA 일자료 미확보→ERA5-Land; 미래 일자료 부재→RDA 월기온 델타 합성; RDA 습도 이상치→과거 습도 고정; 미래 인구 부재→2026-07 인구 고정,쉼터 단독 대체,미확인,행정동내 고령인구 균등분포 가정; LST·실보행량 대신 횡단보도·인구밀도 대체지표; 2025-12-31 공개 가공 경계; 전국 표준 그늘막 0건·구별 인증 API 상세행 미확보: 종합점수는 쉼터 단독 대체
99,북구,산격1동,2723061000,11.59,66.22,33.44,42.26,57.74,40.73,구·군+행정동명(취약도 파일에 행정동코드 없음),행정동코드 일치,Y,행정동 환자자료 부재→구군 환자율 모형; KMA 일자료 미확보→ERA5-Land; 미래 일자료 부재→RDA 월기온 델타 합성; RDA 습도 이상치→과거 습도 고정; 미래 인구 부재→2026-07 인구 고정,가이드 70:30,확인,행정동내 고령인구 균등분포 가정; LST·실보행량 대신 횡단보도·인구밀도 대체지표; 2025-12-31 공개 가공 경계
100,동구,신암4동,2714054000,39.8,41.08,40.31,58.58,41.42,40.64,구·군+행정동명(취약도 파일에 행정동코드 없음),행정동코드 일치,Y,행정동 환자자료 부재→구군 환자율 모형; KMA 일자료 미확보→ERA5-Land; 미래 일자료 부재→RDA 월기온 델타 합성; RDA 습도 이상치→과거 습도 고정; 미래 인구 부재→2026-07 인구 고정,쉼터 단독 대체,미확인,행정동내 고령인구 균등분포 가정; LST·실보행량 대신 횡단보도·인구밀도 대체지표; 2025-12-31 공개 가공 경계; 전국 표준 그늘막 0건·구별 인증 API 상세행 미확보: 종합점수는 쉼터 단독 대체
101,북구,산격2동,2723062000,11.59,49.53,26.77,27.13,72.87,40.6,구·군+행정동명(취약도 파일에 행정동코드 없음),행정동코드 일치,Y,행정동 환자자료 부재→구군 환자율 모형; KMA 일자료 미확보→ERA5-Land; 미래 일자료 부재→RDA 월기온 델타 합성; RDA 습도 이상치→과거 습도 고정; 미래 인구 부재→2026-07 인구 고정,가이드 70:30,확인,행정동내 고령인구 균등분포 가정; LST·실보행량 대신 횡단보도·인구밀도 대체지표; 2025-12-31 공개 가공 경계
102,동구,신암3동,2714053000,39.8,42.59,40.92,60.38,39.62,40.53,구·군+행정동명(취약도 파일에 행정동코드 없음),행정동코드 일치,Y,행정동 환자자료 부재→구군 환자율 모형; KMA 일자료 미확보→ERA5-Land; 미래 일자료 부재→RDA 월기온 델타 합성; RDA 습도 이상치→과거 습도 고정; 미래 인구 부재→2026-07 인구 고정,쉼터 단독 대체,미확인,행정동내 고령인구 균등분포 가정; LST·실보행량 대신 횡단보도·인구밀도 대체지표; 2025-12-31 공개 가공 경계; 전국 표준 그늘막 0건·구별 인증 API 상세행 미확보: 종합점수는 쉼터 단독 대체
103,서구,평리2동,2717063000,41.29,52.46,45.76,72.47,27.53,40.29,구·군+행정동명(취약도 파일에 행정동코드 없음),행정동코드 일치,Y,행정동 환자자료 부재→구군 환자율 모형; KMA 일자료 미확보→ERA5-Land; 미래 일자료 부재→RDA 월기온 델타 합성; RDA 습도 이상치→과거 습도 고정; 미래 인구 부재→2026-07 인구 고정,쉼터 단독 대체,미확인,행정동내 고령인구 균등분포 가정; LST·실보행량 대신 횡단보도·인구밀도 대체지표; 2025-12-31 공개 가공 경계; 전국 표준 그늘막 0건·구별 인증 API 상세행 미확보: 종합점수는 쉼터 단독 대체
104,동구,신천4동,2714058000,39.8,39.1,39.52,59.64,40.36,39.77,구·군+행정동명(취약도 파일에 행정동코드 없음),행정동코드 일치,Y,행정동 환자자료 부재→구군 환자율 모형; KMA 일자료 미확보→ERA5-Land; 미래 일자료 부재→RDA 월기온 델타 합성; RDA 습도 이상치→과거 습도 고정; 미래 인구 부재→2026-07 인구 고정,쉼터 단독 대체,미확인,행정동내 고령인구 균등분포 가정; LST·실보행량 대신 횡단보도·인구밀도 대체지표; 2025-12-31 공개 가공 경계; 전국 표준 그늘막 0건·구별 인증 API 상세행 미확보: 종합점수는 쉼터 단독 대체
105,동구,신암2동,2714052000,39.8,48.18,43.15,68.99,31.01,39.51,구·군+행정동명(취약도 파일에 행정동코드 없음),행정동코드 일치,Y,행정동 환자자료 부재→구군 환자율 모형; KMA 일자료 미확보→ERA5-Land; 미래 일자료 부재→RDA 월기온 델타 합성; RDA 습도 이상치→과거 습도 고정; 미래 인구 부재→2026-07 인구 고정,쉼터 단독 대체,미확인,행정동내 고령인구 균등분포 가정; LST·실보행량 대신 횡단보도·인구밀도 대체지표; 2025-12-31 공개 가공 경계; 전국 표준 그늘막 0건·구별 인증 API 상세행 미확보: 종합점수는 쉼터 단독 대체
106,서구,비산4동,2717058000,41.29,61.87,49.52,87.75,12.25,38.34,구·군+행정동명(취약도 파일에 행정동코드 없음),행정동코드 일치,Y,행정동 환자자료 부재→구군 환자율 모형; KMA 일자료 미확보→ERA5-Land; 미래 일자료 부재→RDA 월기온 델타 합성; RDA 습도 이상치→과거 습도 고정; 미래 인구 부재→2026-07 인구 고정,쉼터 단독 대체,미확인,행정동내 고령인구 균등분포 가정; LST·실보행량 대신 횡단보도·인구밀도 대체지표; 2025-12-31 공개 가공 경계; 전국 표준 그늘막 0건·구별 인증 API 상세행 미확보: 종합점수는 쉼터 단독 대체
107,북구,태전1동,2723072500,11.39,32.85,19.97,22.22,77.78,37.31,구·군+행정동명(취약도 파일에 행정동코드 없음),행정동코드 일치,Y,행정동 환자자료 부재→구군 환자율 모형; KMA 일자료 미확보→ERA5-Land; 미래 일자료 부재→RDA 월기온 델타 합성; RDA 습도 이상치→과거 습도 고정; 미래 인구 부재→2026-07 인구 고정,가이드 70:30,확인,행정동내 고령인구 균등분포 가정; LST·실보행량 대신 횡단보도·인구밀도 대체지표; 2025-12-31 공개 가공 경계
108,북구,관음동,2723075000,11.39,34.39,20.59,25.81,74.19,36.67,구·군+행정동명(취약도 파일에 행정동코드 없음),행정동코드 일치,Y,행정동 환자자료 부재→구군 환자율 모형; KMA 일자료 미확보→ERA5-Land; 미래 일자료 부재→RDA 월기온 델타 합성; RDA 습도 이상치→과거 습도 고정; 미래 인구 부재→2026-07 인구 고정,가이드 70:30,확인,행정동내 고령인구 균등분포 가정; LST·실보행량 대신 횡단보도·인구밀도 대체지표; 2025-12-31 공개 가공 경계
109,수성구,고산3동,2726069000,12.14,38.34,22.62,30.61,69.39,36.65,구·군+행정동명(취약도 파일에 행정동코드 없음),행정동코드 일치,Y,행정동 환자자료 부재→구군 환자율 모형; KMA 일자료 미확보→ERA5-Land; 미래 일자료 부재→RDA 월기온 델타 합성; RDA 습도 이상치→과거 습도 고정; 미래 인구 부재→2026-07 인구 고정,쉼터 단독 대체,미확인,행정동내 고령인구 균등분포 가정; LST·실보행량 대신 횡단보도·인구밀도 대체지표; 2025-12-31 공개 가공 경계; 전국 표준 그늘막 0건·추가 공개 좌표자료 미확인: 종합점수는 쉼터 단독 대체
110,북구,태전2동,2723073500,11.59,34.64,20.81,26.76,73.24,36.54,구·군+행정동명(취약도 파일에 행정동코드 없음),행정동코드 일치,Y,행정동 환자자료 부재→구군 환자율 모형; KMA 일자료 미확보→ERA5-Land; 미래 일자료 부재→RDA 월기온 델타 합성; RDA 습도 이상치→과거 습도 고정; 미래 인구 부재→2026-07 인구 고정,가이드 70:30,확인,행정동내 고령인구 균등분포 가정; LST·실보행량 대신 횡단보도·인구밀도 대체지표; 2025-12-31 공개 가공 경계
111,수성구,수성4가동,2726059000,29.07,51.24,37.94,66.82,33.18,36.51,구·군+행정동명(취약도 파일에 행정동코드 없음),행정동코드 일치,Y,행정동 환자자료 부재→구군 환자율 모형; KMA 일자료 미확보→ERA5-Land; 미래 일자료 부재→RDA 월기온 델타 합성; RDA 습도 이상치→과거 습도 고정; 미래 인구 부재→2026-07 인구 고정,쉼터 단독 대체,미확인,행정동내 고령인구 균등분포 가정; LST·실보행량 대신 횡단보도·인구밀도 대체지표; 2025-12-31 공개 가공 경계; 전국 표준 그늘막 0건·추가 공개 좌표자료 미확인: 종합점수는 쉼터 단독 대체
112,북구,관문동,2723071500,11.39,20.46,15.02,14.66,85.34,36.12,구·군+행정동명(취약도 파일에 행정동코드 없음),행정동코드 일치,Y,행정동 환자자료 부재→구군 환자율 모형; KMA 일자료 미확보→ERA5-Land; 미래 일자료 부재→RDA 월기온 델타 합성; RDA 습도 이상치→과거 습도 고정; 미래 인구 부재→2026-07 인구 고정,가이드 70:30,확인,행정동내 고령인구 균등분포 가정; LST·실보행량 대신 횡단보도·인구밀도 대체지표; 2025-12-31 공개 가공 경계
113,수성구,수성1가동,2726057000,29.07,49.25,37.14,66.45,33.55,36.06,구·군+행정동명(취약도 파일에 행정동코드 없음),행정동코드 일치,Y,행정동 환자자료 부재→구군 환자율 모형; KMA 일자료 미확보→ERA5-Land; 미래 일자료 부재→RDA 월기온 델타 합성; RDA 습도 이상치→과거 습도 고정; 미래 인구 부재→2026-07 인구 고정,쉼터 단독 대체,미확인,행정동내 고령인구 균등분포 가정; LST·실보행량 대신 횡단보도·인구밀도 대체지표; 2025-12-31 공개 가공 경계; 전국 표준 그늘막 0건·추가 공개 좌표자료 미확인: 종합점수는 쉼터 단독 대체
114,수성구,만촌2동,2726056000,25.59,28.32,26.68,42.81,57.19,35.83,구·군+행정동명(취약도 파일에 행정동코드 없음),행정동코드 일치,Y,행정동 환자자료 부재→구군 환자율 모형; KMA 일자료 미확보→ERA5-Land; 미래 일자료 부재→RDA 월기온 델타 합성; RDA 습도 이상치→과거 습도 고정; 미래 인구 부재→2026-07 인구 고정,쉼터 단독 대체,미확인,행정동내 고령인구 균등분포 가정; LST·실보행량 대신 횡단보도·인구밀도 대체지표; 2025-12-31 공개 가공 경계; 전국 표준 그늘막 0건·추가 공개 좌표자료 미확인: 종합점수는 쉼터 단독 대체
115,북구,동천동,2723078000,11.59,32.14,19.81,27.25,72.75,35.69,구·군+행정동명(취약도 파일에 행정동코드 없음),행정동코드 일치,Y,행정동 환자자료 부재→구군 환자율 모형; KMA 일자료 미확보→ERA5-Land; 미래 일자료 부재→RDA 월기온 델타 합성; RDA 습도 이상치→과거 습도 고정; 미래 인구 부재→2026-07 인구 고정,가이드 70:30,확인,행정동내 고령인구 균등분포 가정; LST·실보행량 대신 횡단보도·인구밀도 대체지표; 2025-12-31 공개 가공 경계
116,북구,무태조야동,2723069500,11.59,20.06,14.98,16.61,83.39,35.5,구·군+행정동명(취약도 파일에 행정동코드 없음),행정동코드 일치,Y,행정동 환자자료 부재→구군 환자율 모형; KMA 일자료 미확보→ERA5-Land; 미래 일자료 부재→RDA 월기온 델타 합성; RDA 습도 이상치→과거 습도 고정; 미래 인구 부재→2026-07 인구 고정,가이드 70:30,확인,행정동내 고령인구 균등분포 가정; LST·실보행량 대신 횡단보도·인구밀도 대체지표; 2025-12-31 공개 가공 경계
117,달서구,송현1동,2729063000,5.49,40.67,19.56,27.71,72.29,35.38,구·군+행정동명(취약도 파일에 행정동코드 없음),행정동코드 일치,Y,행정동 환자자료 부재→구군 환자율 모형; KMA 일자료 미확보→ERA5-Land; 미래 일자료 부재→RDA 월기온 델타 합성; RDA 습도 이상치→과거 습도 고정; 미래 인구 부재→2026-07 인구 고정,가이드 70:30,확인,행정동내 고령인구 균등분포 가정; LST·실보행량 대신 횡단보도·인구밀도 대체지표; 2025-12-31 공개 가공 경계
118,수성구,범어4동,2726054000,29.07,23.9,27,46.71,53.29,34.89,구·군+행정동명(취약도 파일에 행정동코드 없음),행정동코드 일치,Y,행정동 환자자료 부재→구군 환자율 모형; KMA 일자료 미확보→ERA5-Land; 미래 일자료 부재→RDA 월기온 델타 합성; RDA 습도 이상치→과거 습도 고정; 미래 인구 부재→2026-07 인구 고정,쉼터 단독 대체,미확인,행정동내 고령인구 균등분포 가정; LST·실보행량 대신 횡단보도·인구밀도 대체지표; 2025-12-31 공개 가공 경계; 전국 표준 그늘막 0건·추가 공개 좌표자료 미확인: 종합점수는 쉼터 단독 대체
119,동구,공산동,2714076000,0,36.56,14.62,18.24,81.76,34.76,구·군+행정동명(취약도 파일에 행정동코드 없음),행정동코드 일치,Y,행정동 환자자료 부재→구군 환자율 모형; KMA 일자료 미확보→ERA5-Land; 미래 일자료 부재→RDA 월기온 델타 합성; RDA 습도 이상치→과거 습도 고정; 미래 인구 부재→2026-07 인구 고정,쉼터 단독 대체,미확인,행정동내 고령인구 균등분포 가정; LST·실보행량 대신 횡단보도·인구밀도 대체지표; 2025-12-31 공개 가공 경계; 전국 표준 그늘막 0건·구별 인증 API 상세행 미확보: 종합점수는 쉼터 단독 대체
120,수성구,고산2동,2726068000,12.14,24.47,17.07,25.41,74.59,34.33,구·군+행정동명(취약도 파일에 행정동코드 없음),행정동코드 일치,Y,행정동 환자자료 부재→구군 환자율 모형; KMA 일자료 미확보→ERA5-Land; 미래 일자료 부재→RDA 월기온 델타 합성; RDA 습도 이상치→과거 습도 고정; 미래 인구 부재→2026-07 인구 고정,쉼터 단독 대체,미확인,행정동내 고령인구 균등분포 가정; LST·실보행량 대신 횡단보도·인구밀도 대체지표; 2025-12-31 공개 가공 경계; 전국 표준 그늘막 0건·추가 공개 좌표자료 미확인: 종합점수는 쉼터 단독 대체
121,북구,대현동,2723064500,11.59,53.53,28.37,52.25,47.75,34.18,구·군+행정동명(취약도 파일에 행정동코드 없음),행정동코드 일치,Y,행정동 환자자료 부재→구군 환자율 모형; KMA 일자료 미확보→ERA5-Land; 미래 일자료 부재→RDA 월기온 델타 합성; RDA 습도 이상치→과거 습도 고정; 미래 인구 부재→2026-07 인구 고정,가이드 70:30,확인,행정동내 고령인구 균등분포 가정; LST·실보행량 대신 횡단보도·인구밀도 대체지표; 2025-12-31 공개 가공 경계
122,북구,구암동,2723074500,11.59,18.49,14.35,21.34,78.66,33.64,구·군+행정동명(취약도 파일에 행정동코드 없음),행정동코드 일치,Y,행정동 환자자료 부재→구군 환자율 모형; KMA 일자료 미확보→ERA5-Land; 미래 일자료 부재→RDA 월기온 델타 합성; RDA 습도 이상치→과거 습도 고정; 미래 인구 부재→2026-07 인구 고정,가이드 70:30,확인,행정동내 고령인구 균등분포 가정; LST·실보행량 대신 횡단보도·인구밀도 대체지표; 2025-12-31 공개 가공 경계
123,수성구,수성2·3가동,2726058000,29.07,44.44,35.22,70.17,29.83,33.6,구·군+행정동명(구분기호 정규화: 수성2·3가동↔수성2.3가동),행정동코드 일치,Y,행정동 환자자료 부재→구군 환자율 모형; KMA 일자료 미확보→ERA5-Land; 미래 일자료 부재→RDA 월기온 델타 합성; RDA 습도 이상치→과거 습도 고정; 미래 인구 부재→2026-07 인구 고정,쉼터 단독 대체,미확인,행정동내 고령인구 균등분포 가정; LST·실보행량 대신 횡단보도·인구밀도 대체지표; 2025-12-31 공개 가공 경계; 전국 표준 그늘막 0건·추가 공개 좌표자료 미확인: 종합점수는 쉼터 단독 대체
124,수성구,만촌3동,2726056100,25.59,19.99,23.35,42.49,57.51,33.6,구·군+행정동명(취약도 파일에 행정동코드 없음),행정동코드 일치,Y,행정동 환자자료 부재→구군 환자율 모형; KMA 일자료 미확보→ERA5-Land; 미래 일자료 부재→RDA 월기온 델타 합성; RDA 습도 이상치→과거 습도 고정; 미래 인구 부재→2026-07 인구 고정,쉼터 단독 대체,미확인,행정동내 고령인구 균등분포 가정; LST·실보행량 대신 횡단보도·인구밀도 대체지표; 2025-12-31 공개 가공 경계; 전국 표준 그늘막 0건·추가 공개 좌표자료 미확인: 종합점수는 쉼터 단독 대체
125,서구,평리5동,2717066000,41.29,30.47,36.96,74.28,25.72,33.59,구·군+행정동명(취약도 파일에 행정동코드 없음),행정동코드 일치,Y,행정동 환자자료 부재→구군 환자율 모형; KMA 일자료 미확보→ERA5-Land; 미래 일자료 부재→RDA 월기온 델타 합성; RDA 습도 이상치→과거 습도 고정; 미래 인구 부재→2026-07 인구 고정,쉼터 단독 대체,미확인,행정동내 고령인구 균등분포 가정; LST·실보행량 대신 횡단보도·인구밀도 대체지표; 2025-12-31 공개 가공 경계; 전국 표준 그늘막 0건·구별 인증 API 상세행 미확보: 종합점수는 쉼터 단독 대체
126,달서구,도원동,2729062800,5.49,25.47,13.48,20.77,79.23,33.21,구·군+행정동명(취약도 파일에 행정동코드 없음),행정동코드 일치,Y,행정동 환자자료 부재→구군 환자율 모형; KMA 일자료 미확보→ERA5-Land; 미래 일자료 부재→RDA 월기온 델타 합성; RDA 습도 이상치→과거 습도 고정; 미래 인구 부재→2026-07 인구 고정,가이드 70:30,확인,행정동내 고령인구 균등분포 가정; LST·실보행량 대신 횡단보도·인구밀도 대체지표; 2025-12-31 공개 가공 경계
127,달서구,성당동,2729051500,5.49,46.43,21.87,40.96,59.04,33.02,구·군+행정동명(취약도 파일에 행정동코드 없음),행정동코드 일치,Y,행정동 환자자료 부재→구군 환자율 모형; KMA 일자료 미확보→ERA5-Land; 미래 일자료 부재→RDA 월기온 델타 합성; RDA 습도 이상치→과거 습도 고정; 미래 인구 부재→2026-07 인구 고정,가이드 70:30,확인,행정동내 고령인구 균등분포 가정; LST·실보행량 대신 횡단보도·인구밀도 대체지표; 2025-12-31 공개 가공 경계
128,북구,산격3동,2723063000,11.59,41.19,23.43,45,55,32.9,구·군+행정동명(취약도 파일에 행정동코드 없음),행정동코드 일치,Y,행정동 환자자료 부재→구군 환자율 모형; KMA 일자료 미확보→ERA5-Land; 미래 일자료 부재→RDA 월기온 델타 합성; RDA 습도 이상치→과거 습도 고정; 미래 인구 부재→2026-07 인구 고정,가이드 70:30,확인,행정동내 고령인구 균등분포 가정; LST·실보행량 대신 횡단보도·인구밀도 대체지표; 2025-12-31 공개 가공 경계
129,수성구,범어2동,2726052000,29.07,34.62,31.29,65.33,34.67,32.3,구·군+행정동명(취약도 파일에 행정동코드 없음),행정동코드 일치,Y,행정동 환자자료 부재→구군 환자율 모형; KMA 일자료 미확보→ERA5-Land; 미래 일자료 부재→RDA 월기온 델타 합성; RDA 습도 이상치→과거 습도 고정; 미래 인구 부재→2026-07 인구 고정,쉼터 단독 대체,미확인,행정동내 고령인구 균등분포 가정; LST·실보행량 대신 횡단보도·인구밀도 대체지표; 2025-12-31 공개 가공 경계; 전국 표준 그늘막 0건·추가 공개 좌표자료 미확인: 종합점수는 쉼터 단독 대체
130,북구,복현2동,2723067200,11.59,33.11,20.2,39.55,60.45,32.28,구·군+행정동명(취약도 파일에 행정동코드 없음),행정동코드 일치,Y,행정동 환자자료 부재→구군 환자율 모형; KMA 일자료 미확보→ERA5-Land; 미래 일자료 부재→RDA 월기온 델타 합성; RDA 습도 이상치→과거 습도 고정; 미래 인구 부재→2026-07 인구 고정,가이드 70:30,확인,행정동내 고령인구 균등분포 가정; LST·실보행량 대신 횡단보도·인구밀도 대체지표; 2025-12-31 공개 가공 경계
131,수성구,범어1동,2726051000,29.07,27.01,28.25,58.72,41.28,32.16,구·군+행정동명(취약도 파일에 행정동코드 없음),행정동코드 일치,Y,행정동 환자자료 부재→구군 환자율 모형; KMA 일자료 미확보→ERA5-Land; 미래 일자료 부재→RDA 월기온 델타 합성; RDA 습도 이상치→과거 습도 고정; 미래 인구 부재→2026-07 인구 고정,쉼터 단독 대체,미확인,행정동내 고령인구 균등분포 가정; LST·실보행량 대신 횡단보도·인구밀도 대체지표; 2025-12-31 공개 가공 경계; 전국 표준 그늘막 0건·추가 공개 좌표자료 미확인: 종합점수는 쉼터 단독 대체
132,수성구,범어3동,2726053000,29.07,30.19,29.52,62.13,37.87,32.03,구·군+행정동명(취약도 파일에 행정동코드 없음),행정동코드 일치,Y,행정동 환자자료 부재→구군 환자율 모형; KMA 일자료 미확보→ERA5-Land; 미래 일자료 부재→RDA 월기온 델타 합성; RDA 습도 이상치→과거 습도 고정; 미래 인구 부재→2026-07 인구 고정,쉼터 단독 대체,미확인,행정동내 고령인구 균등분포 가정; LST·실보행량 대신 횡단보도·인구밀도 대체지표; 2025-12-31 공개 가공 경계; 전국 표준 그늘막 0건·추가 공개 좌표자료 미확인: 종합점수는 쉼터 단독 대체
133,북구,칠성동,2723052600,11.59,40.19,23.03,47.32,52.68,31.92,구·군+행정동명(취약도 파일에 행정동코드 없음),행정동코드 일치,Y,행정동 환자자료 부재→구군 환자율 모형; KMA 일자료 미확보→ERA5-Land; 미래 일자료 부재→RDA 월기온 델타 합성; RDA 습도 이상치→과거 습도 고정; 미래 인구 부재→2026-07 인구 고정,가이드 70:30,확인,행정동내 고령인구 균등분포 가정; LST·실보행량 대신 횡단보도·인구밀도 대체지표; 2025-12-31 공개 가공 경계
134,수성구,고산1동,2726067000,12.14,14.68,13.16,25.2,74.8,31.65,구·군+행정동명(취약도 파일에 행정동코드 없음),행정동코드 일치,Y,행정동 환자자료 부재→구군 환자율 모형; KMA 일자료 미확보→ERA5-Land; 미래 일자료 부재→RDA 월기온 델타 합성; RDA 습도 이상치→과거 습도 고정; 미래 인구 부재→2026-07 인구 고정,쉼터 단독 대체,미확인,행정동내 고령인구 균등분포 가정; LST·실보행량 대신 횡단보도·인구밀도 대체지표; 2025-12-31 공개 가공 경계; 전국 표준 그늘막 0건·추가 공개 좌표자료 미확인: 종합점수는 쉼터 단독 대체
135,북구,침산3동,2723057000,11.59,41.41,23.52,49.88,50.12,31.5,구·군+행정동명(취약도 파일에 행정동코드 없음),행정동코드 일치,Y,행정동 환자자료 부재→구군 환자율 모형; KMA 일자료 미확보→ERA5-Land; 미래 일자료 부재→RDA 월기온 델타 합성; RDA 습도 이상치→과거 습도 고정; 미래 인구 부재→2026-07 인구 고정,가이드 70:30,확인,행정동내 고령인구 균등분포 가정; LST·실보행량 대신 횡단보도·인구밀도 대체지표; 2025-12-31 공개 가공 경계
136,북구,읍내동,2723077000,0,24.85,9.94,19.29,80.71,31.17,구·군+행정동명(취약도 파일에 행정동코드 없음),행정동코드 일치,Y,행정동 환자자료 부재→구군 환자율 모형; KMA 일자료 미확보→ERA5-Land; 미래 일자료 부재→RDA 월기온 델타 합성; RDA 습도 이상치→과거 습도 고정; 미래 인구 부재→2026-07 인구 고정,가이드 70:30,확인,행정동내 고령인구 균등분포 가정; LST·실보행량 대신 횡단보도·인구밀도 대체지표; 2025-12-31 공개 가공 경계
137,수성구,지산1동,2726065100,2.92,43.69,19.23,41.37,58.63,31.05,구·군+행정동명(취약도 파일에 행정동코드 없음),행정동코드 일치,Y,행정동 환자자료 부재→구군 환자율 모형; KMA 일자료 미확보→ERA5-Land; 미래 일자료 부재→RDA 월기온 델타 합성; RDA 습도 이상치→과거 습도 고정; 미래 인구 부재→2026-07 인구 고정,쉼터 단독 대체,미확인,행정동내 고령인구 균등분포 가정; LST·실보행량 대신 횡단보도·인구밀도 대체지표; 2025-12-31 공개 가공 경계; 전국 표준 그늘막 0건·추가 공개 좌표자료 미확인: 종합점수는 쉼터 단독 대체
138,북구,복현1동,2723067100,11.59,36.08,21.39,48.41,51.59,30.45,구·군+행정동명(취약도 파일에 행정동코드 없음),행정동코드 일치,Y,행정동 환자자료 부재→구군 환자율 모형; KMA 일자료 미확보→ERA5-Land; 미래 일자료 부재→RDA 월기온 델타 합성; RDA 습도 이상치→과거 습도 고정; 미래 인구 부재→2026-07 인구 고정,가이드 70:30,확인,행정동내 고령인구 균등분포 가정; LST·실보행량 대신 횡단보도·인구밀도 대체지표; 2025-12-31 공개 가공 경계
139,수성구,범물2동,2726066200,2.92,25.99,12.15,27.16,72.84,30.36,구·군+행정동명(취약도 파일에 행정동코드 없음),행정동코드 일치,Y,행정동 환자자료 부재→구군 환자율 모형; KMA 일자료 미확보→ERA5-Land; 미래 일자료 부재→RDA 월기온 델타 합성; RDA 습도 이상치→과거 습도 고정; 미래 인구 부재→2026-07 인구 고정,쉼터 단독 대체,미확인,행정동내 고령인구 균등분포 가정; LST·실보행량 대신 횡단보도·인구밀도 대체지표; 2025-12-31 공개 가공 경계; 전국 표준 그늘막 0건·추가 공개 좌표자료 미확인: 종합점수는 쉼터 단독 대체
140,북구,침산2동,2723056000,11.59,35.99,21.35,48.96,51.04,30.26,구·군+행정동명(취약도 파일에 행정동코드 없음),행정동코드 일치,Y,행정동 환자자료 부재→구군 환자율 모형; KMA 일자료 미확보→ERA5-Land; 미래 일자료 부재→RDA 월기온 델타 합성; RDA 습도 이상치→과거 습도 고정; 미래 인구 부재→2026-07 인구 고정,가이드 70:30,확인,행정동내 고령인구 균등분포 가정; LST·실보행량 대신 횡단보도·인구밀도 대체지표; 2025-12-31 공개 가공 경계
141,북구,국우동,2723080000,1.77,13.5,6.46,14.42,85.58,30.2,구·군+행정동명(취약도 파일에 행정동코드 없음),행정동코드 일치,Y,행정동 환자자료 부재→구군 환자율 모형; KMA 일자료 미확보→ERA5-Land; 미래 일자료 부재→RDA 월기온 델타 합성; RDA 습도 이상치→과거 습도 고정; 미래 인구 부재→2026-07 인구 고정,가이드 70:30,확인,행정동내 고령인구 균등분포 가정; LST·실보행량 대신 횡단보도·인구밀도 대체지표; 2025-12-31 공개 가공 경계
142,수성구,파동,2726063000,2.92,25.58,11.98,27.36,72.64,30.18,구·군+행정동명(취약도 파일에 행정동코드 없음),행정동코드 일치,Y,행정동 환자자료 부재→구군 환자율 모형; KMA 일자료 미확보→ERA5-Land; 미래 일자료 부재→RDA 월기온 델타 합성; RDA 습도 이상치→과거 습도 고정; 미래 인구 부재→2026-07 인구 고정,쉼터 단독 대체,미확인,행정동내 고령인구 균등분포 가정; LST·실보행량 대신 횡단보도·인구밀도 대체지표; 2025-12-31 공개 가공 경계; 전국 표준 그늘막 0건·추가 공개 좌표자료 미확인: 종합점수는 쉼터 단독 대체
143,북구,고성동,2723051000,11.59,29.03,18.57,44.27,55.73,29.72,구·군+행정동명(취약도 파일에 행정동코드 없음),행정동코드 일치,Y,행정동 환자자료 부재→구군 환자율 모형; KMA 일자료 미확보→ERA5-Land; 미래 일자료 부재→RDA 월기온 델타 합성; RDA 습도 이상치→과거 습도 고정; 미래 인구 부재→2026-07 인구 고정,가이드 70:30,확인,행정동내 고령인구 균등분포 가정; LST·실보행량 대신 횡단보도·인구밀도 대체지표; 2025-12-31 공개 가공 경계
144,달성군,유가읍,2771025900,8.75,7.05,8.07,20.85,79.15,29.39,구·군+행정동명(취약도 파일에 행정동코드 없음),행정동코드 일치,Y,행정동 환자자료 부재→구군 환자율 모형; KMA 일자료 미확보→ERA5-Land; 미래 일자료 부재→RDA 월기온 델타 합성; RDA 습도 이상치→과거 습도 고정; 미래 인구 부재→2026-07 인구 고정,가이드 70:30,확인,행정동내 고령인구 균등분포 가정; LST·실보행량 대신 횡단보도·인구밀도 대체지표; 2025-12-31 공개 가공 경계
145,수성구,두산동,2726064000,2.92,28.69,13.23,33.8,66.2,29.12,구·군+행정동명(취약도 파일에 행정동코드 없음),행정동코드 일치,Y,행정동 환자자료 부재→구군 환자율 모형; KMA 일자료 미확보→ERA5-Land; 미래 일자료 부재→RDA 월기온 델타 합성; RDA 습도 이상치→과거 습도 고정; 미래 인구 부재→2026-07 인구 고정,쉼터 단독 대체,미확인,행정동내 고령인구 균등분포 가정; LST·실보행량 대신 횡단보도·인구밀도 대체지표; 2025-12-31 공개 가공 경계; 전국 표준 그늘막 0건·추가 공개 좌표자료 미확인: 종합점수는 쉼터 단독 대체
146,수성구,지산2동,2726065200,2.92,35.52,15.96,42.41,57.59,28.45,구·군+행정동명(취약도 파일에 행정동코드 없음),행정동코드 일치,Y,행정동 환자자료 부재→구군 환자율 모형; KMA 일자료 미확보→ERA5-Land; 미래 일자료 부재→RDA 월기온 델타 합성; RDA 습도 이상치→과거 습도 고정; 미래 인구 부재→2026-07 인구 고정,쉼터 단독 대체,미확인,행정동내 고령인구 균등분포 가정; LST·실보행량 대신 횡단보도·인구밀도 대체지표; 2025-12-31 공개 가공 경계; 전국 표준 그늘막 0건·추가 공개 좌표자료 미확인: 종합점수는 쉼터 단독 대체
147,수성구,상동,2726062000,2.92,54.11,23.4,62.79,37.21,27.54,구·군+행정동명(취약도 파일에 행정동코드 없음),행정동코드 일치,Y,행정동 환자자료 부재→구군 환자율 모형; KMA 일자료 미확보→ERA5-Land; 미래 일자료 부재→RDA 월기온 델타 합성; RDA 습도 이상치→과거 습도 고정; 미래 인구 부재→2026-07 인구 고정,쉼터 단독 대체,미확인,행정동내 고령인구 균등분포 가정; LST·실보행량 대신 횡단보도·인구밀도 대체지표; 2025-12-31 공개 가공 경계; 전국 표준 그늘막 0건·추가 공개 좌표자료 미확인: 종합점수는 쉼터 단독 대체
148,수성구,황금1동,2726060100,2.92,19.43,9.52,32.42,67.58,26.94,구·군+행정동명(취약도 파일에 행정동코드 없음),행정동코드 일치,Y,행정동 환자자료 부재→구군 환자율 모형; KMA 일자료 미확보→ERA5-Land; 미래 일자료 부재→RDA 월기온 델타 합성; RDA 습도 이상치→과거 습도 고정; 미래 인구 부재→2026-07 인구 고정,쉼터 단독 대체,미확인,행정동내 고령인구 균등분포 가정; LST·실보행량 대신 횡단보도·인구밀도 대체지표; 2025-12-31 공개 가공 경계; 전국 표준 그늘막 0건·추가 공개 좌표자료 미확인: 종합점수는 쉼터 단독 대체
149,수성구,중동,2726061000,2.92,40.97,18.14,52.74,47.26,26.88,구·군+행정동명(취약도 파일에 행정동코드 없음),행정동코드 일치,Y,행정동 환자자료 부재→구군 환자율 모형; KMA 일자료 미확보→ERA5-Land; 미래 일자료 부재→RDA 월기온 델타 합성; RDA 습도 이상치→과거 습도 고정; 미래 인구 부재→2026-07 인구 고정,쉼터 단독 대체,미확인,행정동내 고령인구 균등분포 가정; LST·실보행량 대신 횡단보도·인구밀도 대체지표; 2025-12-31 공개 가공 경계; 전국 표준 그늘막 0건·추가 공개 좌표자료 미확인: 종합점수는 쉼터 단독 대체
150,수성구,황금2동,2726060200,2.92,40.54,17.97,54.16,45.84,26.33,구·군+행정동명(취약도 파일에 행정동코드 없음),행정동코드 일치,Y,행정동 환자자료 부재→구군 환자율 모형; KMA 일자료 미확보→ERA5-Land; 미래 일자료 부재→RDA 월기온 델타 합성; RDA 습도 이상치→과거 습도 고정; 미래 인구 부재→2026-07 인구 고정,쉼터 단독 대체,미확인,행정동내 고령인구 균등분포 가정; LST·실보행량 대신 횡단보도·인구밀도 대체지표; 2025-12-31 공개 가공 경계; 전국 표준 그늘막 0건·추가 공개 좌표자료 미확인: 종합점수는 쉼터 단독 대체
