발생률순위,구·군,행정동,행정동코드,2026-07 인구,미래 발생률(/1만명),위험지수,위험등급,예상환자수(명),신뢰도,신뢰등급,주동인1,기여도1,주동인2,기여도2,최고 열지수 대체치(℃),폭염일수,강한폭염일수,열대야일수,최대연속폭염일,누적열부담,RDA 기후단위,대체처리,대체처리 요약,피해연속성(20),과거기후완전성(15),미래기후해상도(20),미래습도(10),모형성능(20),추정대체비율(15),자료완전성
1,군위군,부계면,2772033000,2106,1.5057691849520989,100.0,매우 높음,0.317114990350912,53,낮음,최고 열지수 대체치,0.3036217315196688,최대 연속 폭염일,0.030923713134818107,53.822693485808124,15.3,2.4,12.9,5.2,15.501939459999969,군위군,Y,행정동 환자자료 부재→구군 환자율 모형; KMA 일자료 미확보→ERA5-Land; 미래 일자료 부재→RDA 월기온 델타 합성; RDA 습도 이상치→과거 습도 고정; 미래 인구 부재→2026-07 인구 고정,12,15,8,2,11,5,1
2,군위군,산성면,2772036000,1201,1.5057691849520989,100.0,매우 높음,0.18084287911274707,53,낮음,최고 열지수 대체치,0.3036217315196688,최대 연속 폭염일,0.030923713134818107,53.822693485808124,15.3,2.4,12.9,5.2,15.501939459999969,군위군,Y,행정동 환자자료 부재→구군 환자율 모형; KMA 일자료 미확보→ERA5-Land; 미래 일자료 부재→RDA 월기온 델타 합성; RDA 습도 이상치→과거 습도 고정; 미래 인구 부재→2026-07 인구 고정,12,15,8,2,11,5,1
3,군위군,우보면,2772034000,1937,1.3983076826394552,100.0,매우 높음,0.27085219812726247,53,낮음,최고 열지수 대체치,0.25063085667798685,최대 연속 폭염일,0.009873441309696956,53.45201110225456,13.0,1.9,10.2,4.3,12.783906459999969,군위군,Y,행정동 환자자료 부재→구군 환자율 모형; KMA 일자료 미확보→ERA5-Land; 미래 일자료 부재→RDA 월기온 델타 합성; RDA 습도 이상치→과거 습도 고정; 미래 인구 부재→2026-07 인구 고정,12,15,8,2,11,5,1
4,군위군,의흥면,2772035000,2217,1.3983076826394552,100.0,매우 높음,0.31000481324116724,53,낮음,최고 열지수 대체치,0.25063085667798685,최대 연속 폭염일,0.009873441309696956,53.45201110225456,13.0,1.9,10.2,4.3,12.783906459999969,군위군,Y,행정동 환자자료 부재→구군 환자율 모형; KMA 일자료 미확보→ERA5-Land; 미래 일자료 부재→RDA 월기온 델타 합성; RDA 습도 이상치→과거 습도 고정; 미래 인구 부재→2026-07 인구 고정,12,15,8,2,11,5,1
5,남구,이천동,2720051500,14245,1.3468825649533362,100.0,매우 높음,1.9186342137760275,61,중,최고 열지수 대체치,0.4589357551777546,최대 연속 폭염일,0.084718852243461,54.90914794916392,21.8,3.2,15.2,7.5,23.822066700000022,대구광역시(도시권),Y,행정동 환자자료 부재→구군 환자율 모형; KMA 일자료 미확보→ERA5-Land; 미래 일자료 부재→RDA 월기온 델타 합성; RDA 습도 이상치→과거 습도 고정; 미래 인구 부재→2026-07 인구 고정,20,15,8,2,11,5,1
6,남구,대명2동,2720057100,15229,1.3468825649533362,100.0,매우 높음,2.0511674581674355,61,중,최고 열지수 대체치,0.4589357551777546,최대 연속 폭염일,0.084718852243461,54.90914794916392,21.8,3.2,15.2,7.5,23.822066700000022,대구광역시(도시권),Y,행정동 환자자료 부재→구군 환자율 모형; KMA 일자료 미확보→ERA5-Land; 미래 일자료 부재→RDA 월기온 델타 합성; RDA 습도 이상치→과거 습도 고정; 미래 인구 부재→2026-07 인구 고정,20,15,8,2,11,5,1
7,남구,대명3동,2720058600,12166,1.3468825649533362,100.0,매우 높음,1.6386173285222287,61,중,최고 열지수 대체치,0.4589357551777546,최대 연속 폭염일,0.084718852243461,54.90914794916392,21.8,3.2,15.2,7.5,23.822066700000022,대구광역시(도시권),Y,행정동 환자자료 부재→구군 환자율 모형; KMA 일자료 미확보→ERA5-Land; 미래 일자료 부재→RDA 월기온 델타 합성; RDA 습도 이상치→과거 습도 고정; 미래 인구 부재→2026-07 인구 고정,20,15,8,2,11,5,1
8,군위군,소보면,2772031000,2221,1.011360564285287,100.0,매우 높음,0.2246231813277622,53,낮음,최대 연속 폭염일,0.014551279493057215,폭염일수(≥33℃),0.0,51.15307657937227,8.8,0.8,5.8,4.5,7.8243432399999815,군위군,Y,행정동 환자자료 부재→구군 환자율 모형; KMA 일자료 미확보→ERA5-Land; 미래 일자료 부재→RDA 월기온 델타 합성; RDA 습도 이상치→과거 습도 고정; 미래 인구 부재→2026-07 인구 고정,12,15,8,2,11,5,1
9,군위군,군위읍,2772025000,7901,0.9680246476484735,100.0,매우 높음,0.7648362741070589,53,낮음,폭염일수(≥33℃),0.0,최대 연속 폭염일,-0.022871425973824813,51.10850629608932,7.3,0.7,3.7,2.9,7.017414739999981,군위군,Y,행정동 환자자료 부재→구군 환자율 모형; KMA 일자료 미확보→ERA5-Land; 미래 일자료 부재→RDA 월기온 델타 합성; RDA 습도 이상치→과거 습도 고정; 미래 인구 부재→2026-07 인구 고정,12,15,8,2,11,5,1
10,중구,동인동,2711051700,10997,0.6669600456187323,71.01955285711496,높음,0.7334559621669199,61,중,최고 열지수 대체치,0.4589357551777546,최대 연속 폭염일,0.084718852243461,54.90914794916392,21.8,3.2,15.2,7.5,23.822066700000022,대구광역시(도시권),Y,행정동 환자자료 부재→구군 환자율 모형; KMA 일자료 미확보→ERA5-Land; 미래 일자료 부재→RDA 월기온 델타 합성; RDA 습도 이상치→과거 습도 고정; 미래 인구 부재→2026-07 인구 고정,20,15,8,2,11,5,1
11,중구,삼덕동,2711054500,7460,0.6669600456187323,71.01955285711496,높음,0.49755219403157436,61,중,최고 열지수 대체치,0.4589357551777546,최대 연속 폭염일,0.084718852243461,54.90914794916392,21.8,3.2,15.2,7.5,23.822066700000022,대구광역시(도시권),Y,행정동 환자자료 부재→구군 환자율 모형; KMA 일자료 미확보→ERA5-Land; 미래 일자료 부재→RDA 월기온 델타 합성; RDA 습도 이상치→과거 습도 고정; 미래 인구 부재→2026-07 인구 고정,20,15,8,2,11,5,1
12,중구,성내1동,2711056500,5527,0.6669600456187323,71.01955285711496,높음,0.36862881721347335,61,중,최고 열지수 대체치,0.4589357551777546,최대 연속 폭염일,0.084718852243461,54.90914794916392,21.8,3.2,15.2,7.5,23.822066700000022,대구광역시(도시권),Y,행정동 환자자료 부재→구군 환자율 모형; KMA 일자료 미확보→ERA5-Land; 미래 일자료 부재→RDA 월기온 델타 합성; RDA 습도 이상치→과거 습도 고정; 미래 인구 부재→2026-07 인구 고정,20,15,8,2,11,5,1
13,중구,성내2동,2711057500,9263,0.6669600456187323,71.01955285711496,높음,0.6178050902566318,61,중,최고 열지수 대체치,0.4589357551777546,최대 연속 폭염일,0.084718852243461,54.90914794916392,21.8,3.2,15.2,7.5,23.822066700000022,대구광역시(도시권),Y,행정동 환자자료 부재→구군 환자율 모형; KMA 일자료 미확보→ERA5-Land; 미래 일자료 부재→RDA 월기온 델타 합성; RDA 습도 이상치→과거 습도 고정; 미래 인구 부재→2026-07 인구 고정,20,15,8,2,11,5,1
14,중구,성내3동,2711058500,13643,0.6669600456187323,71.01955285711496,높음,0.9099335902376366,61,중,최고 열지수 대체치,0.4589357551777546,최대 연속 폭염일,0.084718852243461,54.90914794916392,21.8,3.2,15.2,7.5,23.822066700000022,대구광역시(도시권),Y,행정동 환자자료 부재→구군 환자율 모형; KMA 일자료 미확보→ERA5-Land; 미래 일자료 부재→RDA 월기온 델타 합성; RDA 습도 이상치→과거 습도 고정; 미래 인구 부재→2026-07 인구 고정,20,15,8,2,11,5,1
15,중구,대신동,2711059500,7249,0.6669600456187323,71.01955285711496,높음,0.483479337069019,61,중,최고 열지수 대체치,0.4589357551777546,최대 연속 폭염일,0.084718852243461,54.90914794916392,21.8,3.2,15.2,7.5,23.822066700000022,대구광역시(도시권),Y,행정동 환자자료 부재→구군 환자율 모형; KMA 일자료 미확보→ERA5-Land; 미래 일자료 부재→RDA 월기온 델타 합성; RDA 습도 이상치→과거 습도 고정; 미래 인구 부재→2026-07 인구 고정,20,15,8,2,11,5,1
16,중구,남산1동,2711064000,5062,0.6669600456187323,71.01955285711496,높음,0.3376151750922023,61,중,최고 열지수 대체치,0.4589357551777546,최대 연속 폭염일,0.084718852243461,54.90914794916392,21.8,3.2,15.2,7.5,23.822066700000022,대구광역시(도시권),Y,행정동 환자자료 부재→구군 환자율 모형; KMA 일자료 미확보→ERA5-Land; 미래 일자료 부재→RDA 월기온 델타 합성; RDA 습도 이상치→과거 습도 고정; 미래 인구 부재→2026-07 인구 고정,20,15,8,2,11,5,1
17,중구,남산2동,2711065000,7394,0.6669600456187323,71.01955285711496,높음,0.49315025773049076,61,중,최고 열지수 대체치,0.4589357551777546,최대 연속 폭염일,0.084718852243461,54.90914794916392,21.8,3.2,15.2,7.5,23.822066700000022,대구광역시(도시권),Y,행정동 환자자료 부재→구군 환자율 모형; KMA 일자료 미확보→ERA5-Land; 미래 일자료 부재→RDA 월기온 델타 합성; RDA 습도 이상치→과거 습도 고정; 미래 인구 부재→2026-07 인구 고정,20,15,8,2,11,5,1
18,중구,남산3동,2711066000,5779,0.6669600456187323,71.01955285711496,높음,0.3854362103630654,61,중,최고 열지수 대체치,0.4589357551777546,최대 연속 폭염일,0.084718852243461,54.90914794916392,21.8,3.2,15.2,7.5,23.822066700000022,대구광역시(도시권),Y,행정동 환자자료 부재→구군 환자율 모형; KMA 일자료 미확보→ERA5-Land; 미래 일자료 부재→RDA 월기온 델타 합성; RDA 습도 이상치→과거 습도 고정; 미래 인구 부재→2026-07 인구 고정,20,15,8,2,11,5,1
19,중구,남산4동,2711067000,15842,0.6669600456187323,71.01955285711496,높음,1.0565981042691956,61,중,최고 열지수 대체치,0.4589357551777546,최대 연속 폭염일,0.084718852243461,54.90914794916392,21.8,3.2,15.2,7.5,23.822066700000022,대구광역시(도시권),Y,행정동 환자자료 부재→구군 환자율 모형; KMA 일자료 미확보→ERA5-Land; 미래 일자료 부재→RDA 월기온 델타 합성; RDA 습도 이상치→과거 습도 고정; 미래 인구 부재→2026-07 인구 고정,20,15,8,2,11,5,1
20,중구,대봉1동,2711068000,7666,0.6669600456187323,71.01955285711496,높음,0.5112915709713202,61,중,최고 열지수 대체치,0.4589357551777546,최대 연속 폭염일,0.084718852243461,54.90914794916392,21.8,3.2,15.2,7.5,23.822066700000022,대구광역시(도시권),Y,행정동 환자자료 부재→구군 환자율 모형; KMA 일자료 미확보→ERA5-Land; 미래 일자료 부재→RDA 월기온 델타 합성; RDA 습도 이상치→과거 습도 고정; 미래 인구 부재→2026-07 인구 고정,20,15,8,2,11,5,1
21,중구,대봉2동,2711069000,5933,0.6669600456187323,71.01955285711496,높음,0.3957073950655939,61,중,최고 열지수 대체치,0.4589357551777546,최대 연속 폭염일,0.084718852243461,54.90914794916392,21.8,3.2,15.2,7.5,23.822066700000022,대구광역시(도시권),Y,행정동 환자자료 부재→구군 환자율 모형; KMA 일자료 미확보→ERA5-Land; 미래 일자료 부재→RDA 월기온 델타 합성; RDA 습도 이상치→과거 습도 고정; 미래 인구 부재→2026-07 인구 고정,20,15,8,2,11,5,1
22,군위군,효령면,2772032000,3639,0.6169558148137443,64.85911365405906,높음,0.22451022101072154,53,낮음,폭염일수(≥33℃),0.0,최대 연속 폭염일,-0.03924385961558569,48.07197092058806,4.1,0.0,0.5,2.2,2.8443418399999856,군위군,Y,행정동 환자자료 부재→구군 환자율 모형; KMA 일자료 미확보→ERA5-Land; 미래 일자료 부재→RDA 월기온 델타 합성; RDA 습도 이상치→과거 습도 고정; 미래 인구 부재→2026-07 인구 고정,12,15,8,2,11,5,1
23,군위군,삼국유사면,2772037000,1330,0.5665815468330198,58.653086477999736,보통,0.07535534572879163,53,낮음,폭염일수(≥33℃),0.0,최대 연속 폭염일,-0.05093845507398633,47.557950218976366,3.5,0.0,0.9,1.7,2.0215179199999915,군위군,Y,행정동 환자자료 부재→구군 환자율 모형; KMA 일자료 미확보→ERA5-Land; 미래 일자료 부재→RDA 월기온 델타 합성; RDA 습도 이상치→과거 습도 고정; 미래 인구 부재→2026-07 인구 고정,12,15,8,2,11,5,1
24,달성군,현풍읍,2771026500,20887,0.5200966480166486,52.92622320246478,보통,1.0863258687123738,61,중,최고 열지수 대체치,0.730557014857494,최대 연속 폭염일,0.08004101406010075,56.80919614166347,25.4,4.0,19.7,7.3,28.370344079999985,달성군,Y,행정동 환자자료 부재→구군 환자율 모형; KMA 일자료 미확보→ERA5-Land; 미래 일자료 부재→RDA 월기온 델타 합성; RDA 습도 이상치→과거 습도 고정; 미래 인구 부재→2026-07 인구 고정,20,15,8,2,11,5,1
25,달성군,구지면,2771038000,18847,0.5200966480166486,52.92622320246478,보통,0.9802261525169775,61,중,최고 열지수 대체치,0.730557014857494,최대 연속 폭염일,0.08004101406010075,56.80919614166347,25.4,4.0,19.7,7.3,28.370344079999985,달성군,Y,행정동 환자자료 부재→구군 환자율 모형; KMA 일자료 미확보→ERA5-Land; 미래 일자료 부재→RDA 월기온 델타 합성; RDA 습도 이상치→과거 습도 고정; 미래 인구 부재→2026-07 인구 고정,20,15,8,2,11,5,1
26,달성군,화원읍,2771025000,45354,0.5089953459634123,51.5585610012316,보통,2.30849749208246,61,중,최고 열지수 대체치,0.6692196074414734,최대 연속 폭염일,0.1198026386186629,56.38012799644232,25.3,4.5,20.4,9.0,30.93566475999998,달성군,Y,행정동 환자자료 부재→구군 환자율 모형; KMA 일자료 미확보→ERA5-Land; 미래 일자료 부재→RDA 월기온 델타 합성; RDA 습도 이상치→과거 습도 고정; 미래 인구 부재→2026-07 인구 고정,20,15,8,2,11,5,1
27,달성군,옥포읍,2771026200,22138,0.5089953459634123,51.5585610012316,보통,1.1268138968938024,61,중,최고 열지수 대체치,0.6692196074414734,최대 연속 폭염일,0.1198026386186629,56.38012799644232,25.3,4.5,20.4,9.0,30.93566475999998,달성군,Y,행정동 환자자료 부재→구군 환자율 모형; KMA 일자료 미확보→ERA5-Land; 미래 일자료 부재→RDA 월기온 델타 합성; RDA 습도 이상치→과거 습도 고정; 미래 인구 부재→2026-07 인구 고정,20,15,8,2,11,5,1
28,달서구,감삼동,2729055500,31125,0.49549096973384843,49.894844003726604,보통,1.5422156432966032,61,중,최고 열지수 대체치,0.6598927857801714,최대 연속 폭염일,0.13383615316874367,56.31488490516067,25.5,4.5,20.3,9.6,30.768144500000034,대구광역시(도시권),Y,행정동 환자자료 부재→구군 환자율 모형; KMA 일자료 미확보→ERA5-Land; 미래 일자료 부재→RDA 월기온 델타 합성; RDA 습도 이상치→과거 습도 고정; 미래 인구 부재→2026-07 인구 고정,20,15,8,2,11,5,1
29,달서구,장기동,2729056800,15347,0.49549096973384843,49.894844003726604,보통,0.7604299912505372,61,중,최고 열지수 대체치,0.6598927857801714,최대 연속 폭염일,0.13383615316874367,56.31488490516067,25.5,4.5,20.3,9.6,30.768144500000034,대구광역시(도시권),Y,행정동 환자자료 부재→구군 환자율 모형; KMA 일자료 미확보→ERA5-Land; 미래 일자료 부재→RDA 월기온 델타 합성; RDA 습도 이상치→과거 습도 고정; 미래 인구 부재→2026-07 인구 고정,20,15,8,2,11,5,1
30,달서구,신당동,2729058500,27882,0.49549096973384843,49.894844003726604,보통,1.381527921811916,61,중,최고 열지수 대체치,0.6598927857801714,최대 연속 폭염일,0.13383615316874367,56.31488490516067,25.5,4.5,20.3,9.6,30.768144500000034,대구광역시(도시권),Y,행정동 환자자료 부재→구군 환자율 모형; KMA 일자료 미확보→ERA5-Land; 미래 일자료 부재→RDA 월기온 델타 합성; RDA 습도 이상치→과거 습도 고정; 미래 인구 부재→2026-07 인구 고정,20,15,8,2,11,5,1
31,달서구,본리동,2729059000,22993,0.49549096973384843,49.894844003726604,보통,1.1392823867090378,61,중,최고 열지수 대체치,0.6598927857801714,최대 연속 폭염일,0.13383615316874367,56.31488490516067,25.5,4.5,20.3,9.6,30.768144500000034,대구광역시(도시권),Y,행정동 환자자료 부재→구군 환자율 모형; KMA 일자료 미확보→ERA5-Land; 미래 일자료 부재→RDA 월기온 델타 합성; RDA 습도 이상치→과거 습도 고정; 미래 인구 부재→2026-07 인구 고정,20,15,8,2,11,5,1
32,달서구,월성1동,2729060100,39423,0.49549096973384843,49.894844003726604,보통,1.953374049981751,61,중,최고 열지수 대체치,0.6598927857801714,최대 연속 폭염일,0.13383615316874367,56.31488490516067,25.5,4.5,20.3,9.6,30.768144500000034,대구광역시(도시권),Y,행정동 환자자료 부재→구군 환자율 모형; KMA 일자료 미확보→ERA5-Land; 미래 일자료 부재→RDA 월기온 델타 합성; RDA 습도 이상치→과거 습도 고정; 미래 인구 부재→2026-07 인구 고정,20,15,8,2,11,5,1
33,달서구,월성2동,2729060200,13435,0.49549096973384843,49.894844003726604,보통,0.6656921178374254,61,중,최고 열지수 대체치,0.6598927857801714,최대 연속 폭염일,0.13383615316874367,56.31488490516067,25.5,4.5,20.3,9.6,30.768144500000034,대구광역시(도시권),Y,행정동 환자자료 부재→구군 환자율 모형; KMA 일자료 미확보→ERA5-Land; 미래 일자료 부재→RDA 월기온 델타 합성; RDA 습도 이상치→과거 습도 고정; 미래 인구 부재→2026-07 인구 고정,20,15,8,2,11,5,1
34,달서구,진천동,2729061500,49267,0.49549096973384843,49.894844003726604,보통,2.441135360587751,61,중,최고 열지수 대체치,0.6598927857801714,최대 연속 폭염일,0.13383615316874367,56.31488490516067,25.5,4.5,20.3,9.6,30.768144500000034,대구광역시(도시권),Y,행정동 환자자료 부재→구군 환자율 모형; KMA 일자료 미확보→ERA5-Land; 미래 일자료 부재→RDA 월기온 델타 합성; RDA 습도 이상치→과거 습도 고정; 미래 인구 부재→2026-07 인구 고정,20,15,8,2,11,5,1
35,달서구,유천동,2729061700,32864,0.49549096973384843,49.894844003726604,보통,1.6283815229333194,61,중,최고 열지수 대체치,0.6598927857801714,최대 연속 폭염일,0.13383615316874367,56.31488490516067,25.5,4.5,20.3,9.6,30.768144500000034,대구광역시(도시권),Y,행정동 환자자료 부재→구군 환자율 모형; KMA 일자료 미확보→ERA5-Land; 미래 일자료 부재→RDA 월기온 델타 합성; RDA 습도 이상치→과거 습도 고정; 미래 인구 부재→2026-07 인구 고정,20,15,8,2,11,5,1
36,달서구,상인1동,2729062400,31919,0.49549096973384843,49.894844003726604,보통,1.5815576262934707,61,중,최고 열지수 대체치,0.6598927857801714,최대 연속 폭염일,0.13383615316874367,56.31488490516067,25.5,4.5,20.3,9.6,30.768144500000034,대구광역시(도시권),Y,행정동 환자자료 부재→구군 환자율 모형; KMA 일자료 미확보→ERA5-Land; 미래 일자료 부재→RDA 월기온 델타 합성; RDA 습도 이상치→과거 습도 고정; 미래 인구 부재→2026-07 인구 고정,20,15,8,2,11,5,1
37,달서구,상인2동,2729062500,16737,0.49549096973384843,49.894844003726604,보통,0.8293032360435422,61,중,최고 열지수 대체치,0.6598927857801714,최대 연속 폭염일,0.13383615316874367,56.31488490516067,25.5,4.5,20.3,9.6,30.768144500000034,대구광역시(도시권),Y,행정동 환자자료 부재→구군 환자율 모형; KMA 일자료 미확보→ERA5-Land; 미래 일자료 부재→RDA 월기온 델타 합성; RDA 습도 이상치→과거 습도 고정; 미래 인구 부재→2026-07 인구 고정,20,15,8,2,11,5,1
38,달서구,송현2동,2729064000,17618,0.49549096973384843,49.894844003726604,보통,0.8729559904770942,61,중,최고 열지수 대체치,0.6598927857801714,최대 연속 폭염일,0.13383615316874367,56.31488490516067,25.5,4.5,20.3,9.6,30.768144500000034,대구광역시(도시권),Y,행정동 환자자료 부재→구군 환자율 모형; KMA 일자료 미확보→ERA5-Land; 미래 일자료 부재→RDA 월기온 델타 합성; RDA 습도 이상치→과거 습도 고정; 미래 인구 부재→2026-07 인구 고정,20,15,8,2,11,5,1
39,달서구,본동,2729065000,13148,0.49549096973384843,49.894844003726604,보통,0.6514715270060639,61,중,최고 열지수 대체치,0.6598927857801714,최대 연속 폭염일,0.13383615316874367,56.31488490516067,25.5,4.5,20.3,9.6,30.768144500000034,대구광역시(도시권),Y,행정동 환자자료 부재→구군 환자율 모형; KMA 일자료 미확보→ERA5-Land; 미래 일자료 부재→RDA 월기온 델타 합성; RDA 습도 이상치→과거 습도 고정; 미래 인구 부재→2026-07 인구 고정,20,15,8,2,11,5,1
40,남구,봉덕1동,2720053000,7680,0.4713395186786645,46.91942485426938,보통,0.3619887503452143,61,중,폭염일수(≥33℃),0.0,최대 연속 폭염일,-0.04158277870726582,48.44789707164102,5.4,0.4,0.7,2.1,4.237415240000006,대구광역시(도시권),Y,행정동 환자자료 부재→구군 환자율 모형; KMA 일자료 미확보→ERA5-Land; 미래 일자료 부재→RDA 월기온 델타 합성; RDA 습도 이상치→과거 습도 고정; 미래 인구 부재→2026-07 인구 고정,20,15,8,2,11,5,1
41,남구,봉덕2동,2720054000,12852,0.4713395186786645,46.91942485426938,보통,0.6057655494058196,61,중,폭염일수(≥33℃),0.0,최대 연속 폭염일,-0.04158277870726582,48.44789707164102,5.4,0.4,0.7,2.1,4.237415240000006,대구광역시(도시권),Y,행정동 환자자료 부재→구군 환자율 모형; KMA 일자료 미확보→ERA5-Land; 미래 일자료 부재→RDA 월기온 델타 합성; RDA 습도 이상치→과거 습도 고정; 미래 인구 부재→2026-07 인구 고정,20,15,8,2,11,5,1
42,남구,봉덕3동,2720055000,14003,0.4713395186786645,46.91942485426938,보통,0.660016728005734,61,중,폭염일수(≥33℃),0.0,최대 연속 폭염일,-0.04158277870726582,48.44789707164102,5.4,0.4,0.7,2.1,4.237415240000006,대구광역시(도시권),Y,행정동 환자자료 부재→구군 환자율 모형; KMA 일자료 미확보→ERA5-Land; 미래 일자료 부재→RDA 월기온 델타 합성; RDA 습도 이상치→과거 습도 고정; 미래 인구 부재→2026-07 인구 고정,20,15,8,2,11,5,1
43,남구,대명1동,2720056000,9242,0.4713395186786645,46.91942485426938,보통,0.4356119831628218,61,중,폭염일수(≥33℃),0.0,최대 연속 폭염일,-0.04158277870726582,48.44789707164102,5.4,0.4,0.7,2.1,4.237415240000006,대구광역시(도시권),Y,행정동 환자자료 부재→구군 환자율 모형; KMA 일자료 미확보→ERA5-Land; 미래 일자료 부재→RDA 월기온 델타 합성; RDA 습도 이상치→과거 습도 고정; 미래 인구 부재→2026-07 인구 고정,20,15,8,2,11,5,1
44,남구,대명4동,2720059000,9003,0.4713395186786645,46.91942485426938,보통,0.4243469686664017,61,중,폭염일수(≥33℃),0.0,최대 연속 폭염일,-0.04158277870726582,48.44789707164102,5.4,0.4,0.7,2.1,4.237415240000006,대구광역시(도시권),Y,행정동 환자자료 부재→구군 환자율 모형; KMA 일자료 미확보→ERA5-Land; 미래 일자료 부재→RDA 월기온 델타 합성; RDA 습도 이상치→과거 습도 고정; 미래 인구 부재→2026-07 인구 고정,20,15,8,2,11,5,1
45,남구,대명5동,2720060000,8896,0.4713395186786645,46.91942485426938,보통,0.4193036358165399,61,중,폭염일수(≥33℃),0.0,최대 연속 폭염일,-0.04158277870726582,48.44789707164102,5.4,0.4,0.7,2.1,4.237415240000006,대구광역시(도시권),Y,행정동 환자자료 부재→구군 환자율 모형; KMA 일자료 미확보→ERA5-Land; 미래 일자료 부재→RDA 월기온 델타 합성; RDA 습도 이상치→과거 습도 고정; 미래 인구 부재→2026-07 인구 고정,20,15,8,2,11,5,1
46,남구,대명6동,2720061000,10276,0.4713395186786645,46.91942485426938,보통,0.4843484893941957,61,중,폭염일수(≥33℃),0.0,최대 연속 폭염일,-0.04158277870726582,48.44789707164102,5.4,0.4,0.7,2.1,4.237415240000006,대구광역시(도시권),Y,행정동 환자자료 부재→구군 환자율 모형; KMA 일자료 미확보→ERA5-Land; 미래 일자료 부재→RDA 월기온 델타 합성; RDA 습도 이상치→과거 습도 고정; 미래 인구 부재→2026-07 인구 고정,20,15,8,2,11,5,1
47,남구,대명9동,2720064000,13110,0.4713395186786645,46.91942485426938,보통,0.6179261089877292,61,중,폭염일수(≥33℃),0.0,최대 연속 폭염일,-0.04158277870726582,48.44789707164102,5.4,0.4,0.7,2.1,4.237415240000006,대구광역시(도시권),Y,행정동 환자자료 부재→구군 환자율 모형; KMA 일자료 미확보→ERA5-Land; 미래 일자료 부재→RDA 월기온 델타 합성; RDA 습도 이상치→과거 습도 고정; 미래 인구 부재→2026-07 인구 고정,20,15,8,2,11,5,1
48,남구,대명10동,2720065000,7805,0.4713395186786645,46.91942485426938,보통,0.3678804943286977,61,중,폭염일수(≥33℃),0.0,최대 연속 폭염일,-0.04158277870726582,48.44789707164102,5.4,0.4,0.7,2.1,4.237415240000006,대구광역시(도시권),Y,행정동 환자자료 부재→구군 환자율 모형; KMA 일자료 미확보→ERA5-Land; 미래 일자료 부재→RDA 월기온 델타 합성; RDA 습도 이상치→과거 습도 고정; 미래 인구 부재→2026-07 인구 고정,20,15,8,2,11,5,1
49,남구,대명11동,2720066000,7152,0.4713395186786645,46.91942485426938,보통,0.3371020237589809,61,중,폭염일수(≥33℃),0.0,최대 연속 폭염일,-0.04158277870726582,48.44789707164102,5.4,0.4,0.7,2.1,4.237415240000006,대구광역시(도시권),Y,행정동 환자자료 부재→구군 환자율 모형; KMA 일자료 미확보→ERA5-Land; 미래 일자료 부재→RDA 월기온 델타 합성; RDA 습도 이상치→과거 습도 고정; 미래 인구 부재→2026-07 인구 고정,20,15,8,2,11,5,1
50,달성군,하빈면,2771033000,3104,0.4709619055236255,46.87290353304429,보통,0.14618657547453334,61,중,최고 열지수 대체치,0.6149471360930562,최대 연속 폭염일,0.09641344770186164,56.0004805741101,24.1,3.8,20.9,8.0,28.286613319999987,달성군,Y,행정동 환자자료 부재→구군 환자율 모형; KMA 일자료 미확보→ERA5-Land; 미래 일자료 부재→RDA 월기온 델타 합성; RDA 습도 이상치→과거 습도 고정; 미래 인구 부재→2026-07 인구 고정,20,15,8,2,11,5,1
51,서구,내당1동,2717051000,14683,0.4256557008693077,41.29125344462234,보통,0.6249902655864046,61,중,최고 열지수 대체치,0.4589357551777546,최대 연속 폭염일,0.084718852243461,54.90914794916392,21.8,3.2,15.2,7.5,23.822066700000022,대구광역시(도시권),Y,행정동 환자자료 부재→구군 환자율 모형; KMA 일자료 미확보→ERA5-Land; 미래 일자료 부재→RDA 월기온 델타 합성; RDA 습도 이상치→과거 습도 고정; 미래 인구 부재→2026-07 인구 고정,20,15,8,2,11,5,1
52,서구,내당2·3동,2717052500,8091,0.4256557008693077,41.29125344462234,보통,0.34439802757335686,61,중,최고 열지수 대체치,0.4589357551777546,최대 연속 폭염일,0.084718852243461,54.90914794916392,21.8,3.2,15.2,7.5,23.822066700000022,대구광역시(도시권),Y,행정동 환자자료 부재→구군 환자율 모형; KMA 일자료 미확보→ERA5-Land; 미래 일자료 부재→RDA 월기온 델타 합성; RDA 습도 이상치→과거 습도 고정; 미래 인구 부재→2026-07 인구 고정,20,15,8,2,11,5,1
53,서구,내당4동,2717054000,14119,0.4256557008693077,41.29125344462234,보통,0.6009832840573756,61,중,최고 열지수 대체치,0.4589357551777546,최대 연속 폭염일,0.084718852243461,54.90914794916392,21.8,3.2,15.2,7.5,23.822066700000022,대구광역시(도시권),Y,행정동 환자자료 부재→구군 환자율 모형; KMA 일자료 미확보→ERA5-Land; 미래 일자료 부재→RDA 월기온 델타 합성; RDA 습도 이상치→과거 습도 고정; 미래 인구 부재→2026-07 인구 고정,20,15,8,2,11,5,1
54,서구,비산1동,2717055000,7738,0.4256557008693077,41.29125344462234,보통,0.32937238133267027,61,중,최고 열지수 대체치,0.4589357551777546,최대 연속 폭염일,0.084718852243461,54.90914794916392,21.8,3.2,15.2,7.5,23.822066700000022,대구광역시(도시권),Y,행정동 환자자료 부재→구군 환자율 모형; KMA 일자료 미확보→ERA5-Land; 미래 일자료 부재→RDA 월기온 델타 합성; RDA 습도 이상치→과거 습도 고정; 미래 인구 부재→2026-07 인구 고정,20,15,8,2,11,5,1
55,서구,비산2·3동,2717056500,7550,0.4256557008693077,41.29125344462234,보통,0.3213700541563273,61,중,최고 열지수 대체치,0.4589357551777546,최대 연속 폭염일,0.084718852243461,54.90914794916392,21.8,3.2,15.2,7.5,23.822066700000022,대구광역시(도시권),Y,행정동 환자자료 부재→구군 환자율 모형; KMA 일자료 미확보→ERA5-Land; 미래 일자료 부재→RDA 월기온 델타 합성; RDA 습도 이상치→과거 습도 고정; 미래 인구 부재→2026-07 인구 고정,20,15,8,2,11,5,1
56,서구,비산4동,2717058000,8143,0.4256557008693077,41.29125344462234,보통,0.34661143721787724,61,중,최고 열지수 대체치,0.4589357551777546,최대 연속 폭염일,0.084718852243461,54.90914794916392,21.8,3.2,15.2,7.5,23.822066700000022,대구광역시(도시권),Y,행정동 환자자료 부재→구군 환자율 모형; KMA 일자료 미확보→ERA5-Land; 미래 일자료 부재→RDA 월기온 델타 합성; RDA 습도 이상치→과거 습도 고정; 미래 인구 부재→2026-07 인구 고정,20,15,8,2,11,5,1
57,서구,비산5동,2717059000,4744,0.4256557008693077,41.29125344462234,보통,0.2019310644923996,61,중,최고 열지수 대체치,0.4589357551777546,최대 연속 폭염일,0.084718852243461,54.90914794916392,21.8,3.2,15.2,7.5,23.822066700000022,대구광역시(도시권),Y,행정동 환자자료 부재→구군 환자율 모형; KMA 일자료 미확보→ERA5-Land; 미래 일자료 부재→RDA 월기온 델타 합성; RDA 습도 이상치→과거 습도 고정; 미래 인구 부재→2026-07 인구 고정,20,15,8,2,11,5,1
58,서구,비산6동,2717060000,6319,0.4256557008693077,41.29125344462234,보통,0.26897183737931557,61,중,최고 열지수 대체치,0.4589357551777546,최대 연속 폭염일,0.084718852243461,54.90914794916392,21.8,3.2,15.2,7.5,23.822066700000022,대구광역시(도시권),Y,행정동 환자자료 부재→구군 환자율 모형; KMA 일자료 미확보→ERA5-Land; 미래 일자료 부재→RDA 월기온 델타 합성; RDA 습도 이상치→과거 습도 고정; 미래 인구 부재→2026-07 인구 고정,20,15,8,2,11,5,1
59,서구,비산7동,2717061000,9260,0.4256557008693077,41.29125344462234,보통,0.39415717900497893,61,중,최고 열지수 대체치,0.4589357551777546,최대 연속 폭염일,0.084718852243461,54.90914794916392,21.8,3.2,15.2,7.5,23.822066700000022,대구광역시(도시권),Y,행정동 환자자료 부재→구군 환자율 모형; KMA 일자료 미확보→ERA5-Land; 미래 일자료 부재→RDA 월기온 델타 합성; RDA 습도 이상치→과거 습도 고정; 미래 인구 부재→2026-07 인구 고정,20,15,8,2,11,5,1
60,서구,평리1동,2717062000,6126,0.4256557008693077,41.29125344462234,보통,0.2607566823525379,61,중,최고 열지수 대체치,0.4589357551777546,최대 연속 폭염일,0.084718852243461,54.90914794916392,21.8,3.2,15.2,7.5,23.822066700000022,대구광역시(도시권),Y,행정동 환자자료 부재→구군 환자율 모형; KMA 일자료 미확보→ERA5-Land; 미래 일자료 부재→RDA 월기온 델타 합성; RDA 습도 이상치→과거 습도 고정; 미래 인구 부재→2026-07 인구 고정,20,15,8,2,11,5,1
61,서구,평리2동,2717063000,6820,0.4256557008693077,41.29125344462234,보통,0.29029718799286786,61,중,최고 열지수 대체치,0.4589357551777546,최대 연속 폭염일,0.084718852243461,54.90914794916392,21.8,3.2,15.2,7.5,23.822066700000022,대구광역시(도시권),Y,행정동 환자자료 부재→구군 환자율 모형; KMA 일자료 미확보→ERA5-Land; 미래 일자료 부재→RDA 월기온 델타 합성; RDA 습도 이상치→과거 습도 고정; 미래 인구 부재→2026-07 인구 고정,20,15,8,2,11,5,1
62,서구,평리3동,2717064000,12090,0.4256557008693077,41.29125344462234,보통,0.514617742350993,61,중,최고 열지수 대체치,0.4589357551777546,최대 연속 폭염일,0.084718852243461,54.90914794916392,21.8,3.2,15.2,7.5,23.822066700000022,대구광역시(도시권),Y,행정동 환자자료 부재→구군 환자율 모형; KMA 일자료 미확보→ERA5-Land; 미래 일자료 부재→RDA 월기온 델타 합성; RDA 습도 이상치→과거 습도 고정; 미래 인구 부재→2026-07 인구 고정,20,15,8,2,11,5,1
63,서구,평리4동,2717065000,15025,0.4256557008693077,41.29125344462234,보통,0.6395476905561348,61,중,최고 열지수 대체치,0.4589357551777546,최대 연속 폭염일,0.084718852243461,54.90914794916392,21.8,3.2,15.2,7.5,23.822066700000022,대구광역시(도시권),Y,행정동 환자자료 부재→구군 환자율 모형; KMA 일자료 미확보→ERA5-Land; 미래 일자료 부재→RDA 월기온 델타 합성; RDA 습도 이상치→과거 습도 고정; 미래 인구 부재→2026-07 인구 고정,20,15,8,2,11,5,1
64,서구,평리5동,2717066000,10531,0.4256557008693077,41.29125344462234,보통,0.44825801858546793,61,중,최고 열지수 대체치,0.4589357551777546,최대 연속 폭염일,0.084718852243461,54.90914794916392,21.8,3.2,15.2,7.5,23.822066700000022,대구광역시(도시권),Y,행정동 환자자료 부재→구군 환자율 모형; KMA 일자료 미확보→ERA5-Land; 미래 일자료 부재→RDA 월기온 델타 합성; RDA 습도 이상치→과거 습도 고정; 미래 인구 부재→2026-07 인구 고정,20,15,8,2,11,5,1
65,서구,평리6동,2717066100,5391,0.4256557008693077,41.29125344462234,보통,0.2294709883386438,61,중,최고 열지수 대체치,0.4589357551777546,최대 연속 폭염일,0.084718852243461,54.90914794916392,21.8,3.2,15.2,7.5,23.822066700000022,대구광역시(도시권),Y,행정동 환자자료 부재→구군 환자율 모형; KMA 일자료 미확보→ERA5-Land; 미래 일자료 부재→RDA 월기온 델타 합성; RDA 습도 이상치→과거 습도 고정; 미래 인구 부재→2026-07 인구 고정,20,15,8,2,11,5,1
66,서구,원대동,2717069500,9963,0.4256557008693077,41.29125344462234,보통,0.4240807747760913,61,중,최고 열지수 대체치,0.4589357551777546,최대 연속 폭염일,0.084718852243461,54.90914794916392,21.8,3.2,15.2,7.5,23.822066700000022,대구광역시(도시권),Y,행정동 환자자료 부재→구군 환자율 모형; KMA 일자료 미확보→ERA5-Land; 미래 일자료 부재→RDA 월기온 델타 합성; RDA 습도 이상치→과거 습도 고정; 미래 인구 부재→2026-07 인구 고정,20,15,8,2,11,5,1
67,서구,상중이동,2717067500,16863,0.42195213857179,40.834980645275294,보통,0.7115378912736094,61,중,최고 열지수 대체치,0.4689081942418988,최대 연속 폭염일,0.06600749951002001,54.978907270805315,21.1,3.0,17.4,6.7,23.068313360000026,대구광역시(도시권),Y,행정동 환자자료 부재→구군 환자율 모형; KMA 일자료 미확보→ERA5-Land; 미래 일자료 부재→RDA 월기온 델타 합성; RDA 습도 이상치→과거 습도 고정; 미래 인구 부재→2026-07 인구 고정,20,15,8,2,11,5,1
68,동구,신암1동,2714051000,10781,0.4135228270078707,39.796503288916064,낮음,0.4458189597971854,61,중,최고 열지수 대체치,0.4589357551777546,최대 연속 폭염일,0.084718852243461,54.90914794916392,21.8,3.2,15.2,7.5,23.822066700000022,대구광역시(도시권),Y,행정동 환자자료 부재→구군 환자율 모형; KMA 일자료 미확보→ERA5-Land; 미래 일자료 부재→RDA 월기온 델타 합성; RDA 습도 이상치→과거 습도 고정; 미래 인구 부재→2026-07 인구 고정,20,15,8,2,11,5,1
69,동구,신암2동,2714052000,11446,0.4135228270078707,39.796503288916064,낮음,0.4733182277932088,61,중,최고 열지수 대체치,0.4589357551777546,최대 연속 폭염일,0.084718852243461,54.90914794916392,21.8,3.2,15.2,7.5,23.822066700000022,대구광역시(도시권),Y,행정동 환자자료 부재→구군 환자율 모형; KMA 일자료 미확보→ERA5-Land; 미래 일자료 부재→RDA 월기온 델타 합성; RDA 습도 이상치→과거 습도 고정; 미래 인구 부재→2026-07 인구 고정,20,15,8,2,11,5,1
70,동구,신암3동,2714053000,11150,0.4135228270078707,39.796503288916064,낮음,0.4610779521137758,61,중,최고 열지수 대체치,0.4589357551777546,최대 연속 폭염일,0.084718852243461,54.90914794916392,21.8,3.2,15.2,7.5,23.822066700000022,대구광역시(도시권),Y,행정동 환자자료 부재→구군 환자율 모형; KMA 일자료 미확보→ERA5-Land; 미래 일자료 부재→RDA 월기온 델타 합성; RDA 습도 이상치→과거 습도 고정; 미래 인구 부재→2026-07 인구 고정,20,15,8,2,11,5,1
71,동구,신암4동,2714054000,18383,0.4135228270078707,39.796503288916064,낮음,0.7601790128885686,61,중,최고 열지수 대체치,0.4589357551777546,최대 연속 폭염일,0.084718852243461,54.90914794916392,21.8,3.2,15.2,7.5,23.822066700000022,대구광역시(도시권),Y,행정동 환자자료 부재→구군 환자율 모형; KMA 일자료 미확보→ERA5-Land; 미래 일자료 부재→RDA 월기온 델타 합성; RDA 습도 이상치→과거 습도 고정; 미래 인구 부재→2026-07 인구 고정,20,15,8,2,11,5,1
72,동구,신암5동,2714054100,7315,0.4135228270078707,39.796503288916064,낮음,0.3024919479562574,61,중,최고 열지수 대체치,0.4589357551777546,최대 연속 폭염일,0.084718852243461,54.90914794916392,21.8,3.2,15.2,7.5,23.822066700000022,대구광역시(도시권),Y,행정동 환자자료 부재→구군 환자율 모형; KMA 일자료 미확보→ERA5-Land; 미래 일자료 부재→RDA 월기온 델타 합성; RDA 습도 이상치→과거 습도 고정; 미래 인구 부재→2026-07 인구 고정,20,15,8,2,11,5,1
73,동구,신천1·2동,2714055500,10994,0.4135228270078707,39.796503288916064,낮음,0.45462699601245304,61,중,최고 열지수 대체치,0.4589357551777546,최대 연속 폭염일,0.084718852243461,54.90914794916392,21.8,3.2,15.2,7.5,23.822066700000022,대구광역시(도시권),Y,행정동 환자자료 부재→구군 환자율 모형; KMA 일자료 미확보→ERA5-Land; 미래 일자료 부재→RDA 월기온 델타 합성; RDA 습도 이상치→과거 습도 고정; 미래 인구 부재→2026-07 인구 고정,20,15,8,2,11,5,1
74,동구,신천3동,2714057000,14835,0.4135228270078707,39.796503288916064,낮음,0.6134611138661761,61,중,최고 열지수 대체치,0.4589357551777546,최대 연속 폭염일,0.084718852243461,54.90914794916392,21.8,3.2,15.2,7.5,23.822066700000022,대구광역시(도시권),Y,행정동 환자자료 부재→구군 환자율 모형; KMA 일자료 미확보→ERA5-Land; 미래 일자료 부재→RDA 월기온 델타 합성; RDA 습도 이상치→과거 습도 고정; 미래 인구 부재→2026-07 인구 고정,20,15,8,2,11,5,1
75,동구,신천4동,2714058000,12937,0.4135228270078707,39.796503288916064,낮음,0.5349744813000823,61,중,최고 열지수 대체치,0.4589357551777546,최대 연속 폭염일,0.084718852243461,54.90914794916392,21.8,3.2,15.2,7.5,23.822066700000022,대구광역시(도시권),Y,행정동 환자자료 부재→구군 환자율 모형; KMA 일자료 미확보→ERA5-Land; 미래 일자료 부재→RDA 월기온 델타 합성; RDA 습도 이상치→과거 습도 고정; 미래 인구 부재→2026-07 인구 고정,20,15,8,2,11,5,1
76,동구,효목1동,2714059000,11472,0.4135228270078707,39.796503288916064,낮음,0.4743933871434292,61,중,최고 열지수 대체치,0.4589357551777546,최대 연속 폭염일,0.084718852243461,54.90914794916392,21.8,3.2,15.2,7.5,23.822066700000022,대구광역시(도시권),Y,행정동 환자자료 부재→구군 환자율 모형; KMA 일자료 미확보→ERA5-Land; 미래 일자료 부재→RDA 월기온 델타 합성; RDA 습도 이상치→과거 습도 고정; 미래 인구 부재→2026-07 인구 고정,20,15,8,2,11,5,1
77,동구,효목2동,2714060000,14147,0.4135228270078707,39.796503288916064,낮음,0.5850107433680347,61,중,최고 열지수 대체치,0.4589357551777546,최대 연속 폭염일,0.084718852243461,54.90914794916392,21.8,3.2,15.2,7.5,23.822066700000022,대구광역시(도시권),Y,행정동 환자자료 부재→구군 환자율 모형; KMA 일자료 미확보→ERA5-Land; 미래 일자료 부재→RDA 월기온 델타 합성; RDA 습도 이상치→과거 습도 고정; 미래 인구 부재→2026-07 인구 고정,20,15,8,2,11,5,1
78,동구,불로·봉무동,2714062000,19381,0.4135228270078707,39.796503288916064,낮음,0.8014485910239542,61,중,최고 열지수 대체치,0.4589357551777546,최대 연속 폭염일,0.084718852243461,54.90914794916392,21.8,3.2,15.2,7.5,23.822066700000022,대구광역시(도시권),Y,행정동 환자자료 부재→구군 환자율 모형; KMA 일자료 미확보→ERA5-Land; 미래 일자료 부재→RDA 월기온 델타 합성; RDA 습도 이상치→과거 습도 고정; 미래 인구 부재→2026-07 인구 고정,20,15,8,2,11,5,1
79,동구,지저동,2714064000,12323,0.4135228270078707,39.796503288916064,낮음,0.509584179721799,61,중,최고 열지수 대체치,0.4589357551777546,최대 연속 폭염일,0.084718852243461,54.90914794916392,21.8,3.2,15.2,7.5,23.822066700000022,대구광역시(도시권),Y,행정동 환자자료 부재→구군 환자율 모형; KMA 일자료 미확보→ERA5-Land; 미래 일자료 부재→RDA 월기온 델타 합성; RDA 습도 이상치→과거 습도 고정; 미래 인구 부재→2026-07 인구 고정,20,15,8,2,11,5,1
80,달성군,다사읍,2771025600,88904,0.39842517506953484,37.93649733786483,낮음,3.542159176438193,61,중,최고 열지수 대체치,0.47809558768133575,최대 연속 폭염일,0.06600749951002001,55.04317503216894,20.8,3.1,17.2,6.7,23.17962837999998,달성군,Y,행정동 환자자료 부재→구군 환자율 모형; KMA 일자료 미확보→ERA5-Land; 미래 일자료 부재→RDA 월기온 델타 합성; RDA 습도 이상치→과거 습도 고정; 미래 인구 부재→2026-07 인구 고정,20,15,8,2,11,5,1
81,달서구,"두류1,2동",2729053500,15672,0.38586007259885774,36.38849732657274,낮음,0.6047199057769299,61,중,최고 열지수 대체치,0.4589357551777546,최대 연속 폭염일,0.084718852243461,54.90914794916392,21.8,3.2,15.2,7.5,23.822066700000022,대구광역시(도시권),Y,행정동 환자자료 부재→구군 환자율 모형; KMA 일자료 미확보→ERA5-Land; 미래 일자료 부재→RDA 월기온 델타 합성; RDA 습도 이상치→과거 습도 고정; 미래 인구 부재→2026-07 인구 고정,20,15,8,2,11,5,1
82,달서구,두류3동,2729055000,8931,0.38586007259885774,36.38849732657274,낮음,0.34461163083803986,61,중,최고 열지수 대체치,0.4589357551777546,최대 연속 폭염일,0.084718852243461,54.90914794916392,21.8,3.2,15.2,7.5,23.822066700000022,대구광역시(도시권),Y,행정동 환자자료 부재→구군 환자율 모형; KMA 일자료 미확보→ERA5-Land; 미래 일자료 부재→RDA 월기온 델타 합성; RDA 습도 이상치→과거 습도 고정; 미래 인구 부재→2026-07 인구 고정,20,15,8,2,11,5,1
83,달서구,죽전동,2729056300,14344,0.38250276570956654,35.97488262548597,낮음,0.5486619671338022,61,중,최고 열지수 대체치,0.4689081942418988,최대 연속 폭염일,0.06600749951002001,54.978907270805315,21.1,3.0,17.4,6.7,23.068313360000026,대구광역시(도시권),Y,행정동 환자자료 부재→구군 환자율 모형; KMA 일자료 미확보→ERA5-Land; 미래 일자료 부재→RDA 월기온 델타 합성; RDA 습도 이상치→과거 습도 고정; 미래 인구 부재→2026-07 인구 고정,20,15,8,2,11,5,1
84,달서구,용산1동,2729057100,27808,0.38250276570956654,35.97488262548597,낮음,1.0636636908851627,61,중,최고 열지수 대체치,0.4689081942418988,최대 연속 폭염일,0.06600749951002001,54.978907270805315,21.1,3.0,17.4,6.7,23.068313360000026,대구광역시(도시권),Y,행정동 환자자료 부재→구군 환자율 모형; KMA 일자료 미확보→ERA5-Land; 미래 일자료 부재→RDA 월기온 델타 합성; RDA 습도 이상치→과거 습도 고정; 미래 인구 부재→2026-07 인구 고정,20,15,8,2,11,5,1
85,달서구,용산2동,2729057200,24584,0.38250276570956654,35.97488262548597,낮음,0.9403447992203985,61,중,최고 열지수 대체치,0.4689081942418988,최대 연속 폭염일,0.06600749951002001,54.978907270805315,21.1,3.0,17.4,6.7,23.068313360000026,대구광역시(도시권),Y,행정동 환자자료 부재→구군 환자율 모형; KMA 일자료 미확보→ERA5-Land; 미래 일자료 부재→RDA 월기온 델타 합성; RDA 습도 이상치→과거 습도 고정; 미래 인구 부재→2026-07 인구 고정,20,15,8,2,11,5,1
86,달서구,이곡1동,2729057600,19663,0.38250276570956654,35.97488262548597,낮음,0.7521151882147207,61,중,최고 열지수 대체치,0.4689081942418988,최대 연속 폭염일,0.06600749951002001,54.978907270805315,21.1,3.0,17.4,6.7,23.068313360000026,대구광역시(도시권),Y,행정동 환자자료 부재→구군 환자율 모형; KMA 일자료 미확보→ERA5-Land; 미래 일자료 부재→RDA 월기온 델타 합성; RDA 습도 이상치→과거 습도 고정; 미래 인구 부재→2026-07 인구 고정,20,15,8,2,11,5,1
87,달서구,이곡2동,2729057700,14054,0.38250276570956654,35.97488262548597,낮음,0.5375693869282248,61,중,최고 열지수 대체치,0.4689081942418988,최대 연속 폭염일,0.06600749951002001,54.978907270805315,21.1,3.0,17.4,6.7,23.068313360000026,대구광역시(도시권),Y,행정동 환자자료 부재→구군 환자율 모형; KMA 일자료 미확보→ERA5-Land; 미래 일자료 부재→RDA 월기온 델타 합성; RDA 습도 이상치→과거 습도 고정; 미래 인구 부재→2026-07 인구 고정,20,15,8,2,11,5,1
88,동구,도평동,2714061500,3371,0.37772126492219593,35.38580957255097,낮음,0.12732983840527223,61,중,최고 열지수 대체치,0.405802272557374,최대 연속 폭염일,0.047296146776579,54.537467994019416,19.3,2.8,13.1,5.9,20.995455160000027,대구광역시(도시권),Y,행정동 환자자료 부재→구군 환자율 모형; KMA 일자료 미확보→ERA5-Land; 미래 일자료 부재→RDA 월기온 델타 합성; RDA 습도 이상치→과거 습도 고정; 미래 인구 부재→2026-07 인구 고정,20,15,8,2,11,5,1
89,동구,동촌동,2714065500,13815,0.37772126492219593,35.38580957255097,낮음,0.5218219274900137,61,중,최고 열지수 대체치,0.405802272557374,최대 연속 폭염일,0.047296146776579,54.537467994019416,19.3,2.8,13.1,5.9,20.995455160000027,대구광역시(도시권),Y,행정동 환자자료 부재→구군 환자율 모형; KMA 일자료 미확보→ERA5-Land; 미래 일자료 부재→RDA 월기온 델타 합성; RDA 습도 이상치→과거 습도 고정; 미래 인구 부재→2026-07 인구 고정,20,15,8,2,11,5,1
90,동구,방촌동,2714067000,16714,0.37772126492219593,35.38580957255097,낮음,0.6313233221909582,61,중,최고 열지수 대체치,0.405802272557374,최대 연속 폭염일,0.047296146776579,54.537467994019416,19.3,2.8,13.1,5.9,20.995455160000027,대구광역시(도시권),Y,행정동 환자자료 부재→구군 환자율 모형; KMA 일자료 미확보→ERA5-Land; 미래 일자료 부재→RDA 월기온 델타 합성; RDA 습도 이상치→과거 습도 고정; 미래 인구 부재→2026-07 인구 고정,20,15,8,2,11,5,1
91,동구,해안동,2714068500,12925,0.37772126492219593,35.38580957255097,낮음,0.4882047349119383,61,중,최고 열지수 대체치,0.405802272557374,최대 연속 폭염일,0.047296146776579,54.537467994019416,19.3,2.8,13.1,5.9,20.995455160000027,대구광역시(도시권),Y,행정동 환자자료 부재→구군 환자율 모형; KMA 일자료 미확보→ERA5-Land; 미래 일자료 부재→RDA 월기온 델타 합성; RDA 습도 이상치→과거 습도 고정; 미래 인구 부재→2026-07 인구 고정,20,15,8,2,11,5,1
92,동구,안심1동,2714072000,37158,0.37772126492219593,35.38580957255097,낮음,1.4035366761978956,61,중,최고 열지수 대체치,0.405802272557374,최대 연속 폭염일,0.047296146776579,54.537467994019416,19.3,2.8,13.1,5.9,20.995455160000027,대구광역시(도시권),Y,행정동 환자자료 부재→구군 환자율 모형; KMA 일자료 미확보→ERA5-Land; 미래 일자료 부재→RDA 월기온 델타 합성; RDA 습도 이상치→과거 습도 고정; 미래 인구 부재→2026-07 인구 고정,20,15,8,2,11,5,1
93,동구,안심2동,2714073000,17002,0.37772126492219593,35.38580957255097,낮음,0.6422016946207175,61,중,최고 열지수 대체치,0.405802272557374,최대 연속 폭염일,0.047296146776579,54.537467994019416,19.3,2.8,13.1,5.9,20.995455160000027,대구광역시(도시권),Y,행정동 환자자료 부재→구군 환자율 모형; KMA 일자료 미확보→ERA5-Land; 미래 일자료 부재→RDA 월기온 델타 합성; RDA 습도 이상치→과거 습도 고정; 미래 인구 부재→2026-07 인구 고정,20,15,8,2,11,5,1
94,동구,안심3동,2714074200,19897,0.37772126492219593,35.38580957255097,낮음,0.7515520008156933,61,중,최고 열지수 대체치,0.405802272557374,최대 연속 폭염일,0.047296146776579,54.537467994019416,19.3,2.8,13.1,5.9,20.995455160000027,대구광역시(도시권),Y,행정동 환자자료 부재→구군 환자율 모형; KMA 일자료 미확보→ERA5-Land; 미래 일자료 부재→RDA 월기온 델타 합성; RDA 습도 이상치→과거 습도 고정; 미래 인구 부재→2026-07 인구 고정,20,15,8,2,11,5,1
95,동구,안심4동,2714074700,26289,0.37772126492219593,35.38580957255097,낮음,0.9929914333539609,61,중,최고 열지수 대체치,0.405802272557374,최대 연속 폭염일,0.047296146776579,54.537467994019416,19.3,2.8,13.1,5.9,20.995455160000027,대구광역시(도시권),Y,행정동 환자자료 부재→구군 환자율 모형; KMA 일자료 미확보→ERA5-Land; 미래 일자료 부재→RDA 월기온 델타 합성; RDA 습도 이상치→과거 습도 고정; 미래 인구 부재→2026-07 인구 고정,20,15,8,2,11,5,1
96,동구,혁신동,2714075500,16501,0.37772126492219593,35.38580957255097,낮음,0.6232778592481155,61,중,최고 열지수 대체치,0.405802272557374,최대 연속 폭염일,0.047296146776579,54.537467994019416,19.3,2.8,13.1,5.9,20.995455160000027,대구광역시(도시권),Y,행정동 환자자료 부재→구군 환자율 모형; KMA 일자료 미확보→ERA5-Land; 미래 일자료 부재→RDA 월기온 델타 합성; RDA 습도 이상치→과거 습도 고정; 미래 인구 부재→2026-07 인구 고정,20,15,8,2,11,5,1
97,수성구,범어1동,2726051000,22679,0.3264391927995836,29.06794241546699,낮음,0.7403314453501756,61,중,최고 열지수 대체치,0.4589357551777546,최대 연속 폭염일,0.084718852243461,54.90914794916392,21.8,3.2,15.2,7.5,23.822066700000022,대구광역시(도시권),Y,행정동 환자자료 부재→구군 환자율 모형; KMA 일자료 미확보→ERA5-Land; 미래 일자료 부재→RDA 월기온 델타 합성; RDA 습도 이상치→과거 습도 고정; 미래 인구 부재→2026-07 인구 고정,20,15,8,2,11,5,1
98,수성구,범어2동,2726052000,15345,0.3264391927995836,29.06794241546699,낮음,0.500920941350961,61,중,최고 열지수 대체치,0.4589357551777546,최대 연속 폭염일,0.084718852243461,54.90914794916392,21.8,3.2,15.2,7.5,23.822066700000022,대구광역시(도시권),Y,행정동 환자자료 부재→구군 환자율 모형; KMA 일자료 미확보→ERA5-Land; 미래 일자료 부재→RDA 월기온 델타 합성; RDA 습도 이상치→과거 습도 고정; 미래 인구 부재→2026-07 인구 고정,20,15,8,2,11,5,1
99,수성구,범어3동,2726053000,17016,0.3264391927995836,29.06794241546699,낮음,0.5554689304677715,61,중,최고 열지수 대체치,0.4589357551777546,최대 연속 폭염일,0.084718852243461,54.90914794916392,21.8,3.2,15.2,7.5,23.822066700000022,대구광역시(도시권),Y,행정동 환자자료 부재→구군 환자율 모형; KMA 일자료 미확보→ERA5-Land; 미래 일자료 부재→RDA 월기온 델타 합성; RDA 습도 이상치→과거 습도 고정; 미래 인구 부재→2026-07 인구 고정,20,15,8,2,11,5,1
100,수성구,범어4동,2726054000,18446,0.3264391927995836,29.06794241546699,낮음,0.6021497350381119,61,중,최고 열지수 대체치,0.4589357551777546,최대 연속 폭염일,0.084718852243461,54.90914794916392,21.8,3.2,15.2,7.5,23.822066700000022,대구광역시(도시권),Y,행정동 환자자료 부재→구군 환자율 모형; KMA 일자료 미확보→ERA5-Land; 미래 일자료 부재→RDA 월기온 델타 합성; RDA 습도 이상치→과거 습도 고정; 미래 인구 부재→2026-07 인구 고정,20,15,8,2,11,5,1
101,수성구,만촌1동,2726055000,20174,0.3264391927995836,29.06794241546699,낮음,0.6585584275538799,61,중,최고 열지수 대체치,0.4589357551777546,최대 연속 폭염일,0.084718852243461,54.90914794916392,21.8,3.2,15.2,7.5,23.822066700000022,대구광역시(도시권),Y,행정동 환자자료 부재→구군 환자율 모형; KMA 일자료 미확보→ERA5-Land; 미래 일자료 부재→RDA 월기온 델타 합성; RDA 습도 이상치→과거 습도 고정; 미래 인구 부재→2026-07 인구 고정,20,15,8,2,11,5,1
102,수성구,수성1가동,2726057000,16970,0.3264391927995836,29.06794241546699,낮음,0.5539673101808934,61,중,최고 열지수 대체치,0.4589357551777546,최대 연속 폭염일,0.084718852243461,54.90914794916392,21.8,3.2,15.2,7.5,23.822066700000022,대구광역시(도시권),Y,행정동 환자자료 부재→구군 환자율 모형; KMA 일자료 미확보→ERA5-Land; 미래 일자료 부재→RDA 월기온 델타 합성; RDA 습도 이상치→과거 습도 고정; 미래 인구 부재→2026-07 인구 고정,20,15,8,2,11,5,1
103,수성구,수성2·3가동,2726058000,10185,0.3264391927995836,29.06794241546699,낮음,0.3324783178663759,61,중,최고 열지수 대체치,0.4589357551777546,최대 연속 폭염일,0.084718852243461,54.90914794916392,21.8,3.2,15.2,7.5,23.822066700000022,대구광역시(도시권),Y,행정동 환자자료 부재→구군 환자율 모형; KMA 일자료 미확보→ERA5-Land; 미래 일자료 부재→RDA 월기온 델타 합성; RDA 습도 이상치→과거 습도 고정; 미래 인구 부재→2026-07 인구 고정,20,15,8,2,11,5,1
104,수성구,수성4가동,2726059000,12798,0.3264391927995836,29.06794241546699,낮음,0.4177768789449071,61,중,최고 열지수 대체치,0.4589357551777546,최대 연속 폭염일,0.084718852243461,54.90914794916392,21.8,3.2,15.2,7.5,23.822066700000022,대구광역시(도시권),Y,행정동 환자자료 부재→구군 환자율 모형; KMA 일자료 미확보→ERA5-Land; 미래 일자료 부재→RDA 월기온 델타 합성; RDA 습도 이상치→과거 습도 고정; 미래 인구 부재→2026-07 인구 고정,20,15,8,2,11,5,1
105,달성군,논공읍,2771025300,14804,0.30102893069535985,25.93743980985205,낮음,0.4456432290014107,61,중,최고 열지수 대체치,0.242221711670744,최대 연속 폭염일,0.021568036768097588,53.39318735336864,16.2,2.4,10.1,4.8,16.398907339999987,달성군,Y,행정동 환자자료 부재→구군 환자율 모형; KMA 일자료 미확보→ERA5-Land; 미래 일자료 부재→RDA 월기온 델타 합성; RDA 습도 이상치→과거 습도 고정; 미래 인구 부재→2026-07 인구 고정,20,15,8,2,11,5,1
106,수성구,만촌2동,2726056000,13080,0.29817706973185426,25.586095217636224,낮음,0.39001560720926537,61,중,최고 열지수 대체치,0.405802272557374,최대 연속 폭염일,0.047296146776579,54.537467994019416,19.3,2.8,13.1,5.9,20.995455160000027,대구광역시(도시권),Y,행정동 환자자료 부재→구군 환자율 모형; KMA 일자료 미확보→ERA5-Land; 미래 일자료 부재→RDA 월기온 델타 합성; RDA 습도 이상치→과거 습도 고정; 미래 인구 부재→2026-07 인구 고정,20,15,8,2,11,5,1
107,수성구,만촌3동,2726056100,20523,0.29817706973185426,25.586095217636224,낮음,0.6119488002106844,61,중,최고 열지수 대체치,0.405802272557374,최대 연속 폭염일,0.047296146776579,54.537467994019416,19.3,2.8,13.1,5.9,20.995455160000027,대구광역시(도시권),Y,행정동 환자자료 부재→구군 환자율 모형; KMA 일자료 미확보→ERA5-Land; 미래 일자료 부재→RDA 월기온 델타 합성; RDA 습도 이상치→과거 습도 고정; 미래 인구 부재→2026-07 인구 고정,20,15,8,2,11,5,1
108,수성구,범물1동,2726066100,9654,0.18906293112459477,12.143412343354635,매우 낮음,0.18252135370768377,61,중,최대 연속 폭염일,0.0005177649429764529,폭염일수(≥33℃),0.0,51.67762126900578,11.4,1.3,4.6,3.9,10.390317080000013,대구광역시(도시권),Y,행정동 환자자료 부재→구군 환자율 모형; KMA 일자료 미확보→ERA5-Land; 미래 일자료 부재→RDA 월기온 델타 합성; RDA 습도 이상치→과거 습도 고정; 미래 인구 부재→2026-07 인구 고정,20,15,8,2,11,5,1
109,수성구,고산1동,2726067000,31066,0.18906293112459477,12.143412343354635,매우 낮음,0.5873429018316662,61,중,최대 연속 폭염일,0.0005177649429764529,폭염일수(≥33℃),0.0,51.67762126900578,11.4,1.3,4.6,3.9,10.390317080000013,대구광역시(도시권),Y,행정동 환자자료 부재→구군 환자율 모형; KMA 일자료 미확보→ERA5-Land; 미래 일자료 부재→RDA 월기온 델타 합성; RDA 습도 이상치→과거 습도 고정; 미래 인구 부재→2026-07 인구 고정,20,15,8,2,11,5,1
110,수성구,고산2동,2726068000,25533,0.18906293112459477,12.143412343354635,매우 낮음,0.48273438204042785,61,중,최대 연속 폭염일,0.0005177649429764529,폭염일수(≥33℃),0.0,51.67762126900578,11.4,1.3,4.6,3.9,10.390317080000013,대구광역시(도시권),Y,행정동 환자자료 부재→구군 환자율 모형; KMA 일자료 미확보→ERA5-Land; 미래 일자료 부재→RDA 월기온 델타 합성; RDA 습도 이상치→과거 습도 고정; 미래 인구 부재→2026-07 인구 고정,20,15,8,2,11,5,1
111,수성구,고산3동,2726069000,29136,0.18906293112459477,12.143412343354635,매우 낮음,0.5508537561246193,61,중,최대 연속 폭염일,0.0005177649429764529,폭염일수(≥33℃),0.0,51.67762126900578,11.4,1.3,4.6,3.9,10.390317080000013,대구광역시(도시권),Y,행정동 환자자료 부재→구군 환자율 모형; KMA 일자료 미확보→ERA5-Land; 미래 일자료 부재→RDA 월기온 델타 합성; RDA 습도 이상치→과거 습도 고정; 미래 인구 부재→2026-07 인구 고정,20,15,8,2,11,5,1
112,북구,고성동,2723051000,14603,0.18458686634725838,11.591968505786992,매우 낮음,0.2695522009269014,61,중,최고 열지수 대체치,0.4589357551777546,최대 연속 폭염일,0.084718852243461,54.90914794916392,21.8,3.2,15.2,7.5,23.822066700000022,대구광역시(도시권),Y,행정동 환자자료 부재→구군 환자율 모형; KMA 일자료 미확보→ERA5-Land; 미래 일자료 부재→RDA 월기온 델타 합성; RDA 습도 이상치→과거 습도 고정; 미래 인구 부재→2026-07 인구 고정,20,15,8,2,11,5,1
113,북구,칠성동,2723052600,23657,0.18458686634725838,11.591968505786992,매우 낮음,0.4366771497177091,61,중,최고 열지수 대체치,0.4589357551777546,최대 연속 폭염일,0.084718852243461,54.90914794916392,21.8,3.2,15.2,7.5,23.822066700000022,대구광역시(도시권),Y,행정동 환자자료 부재→구군 환자율 모형; KMA 일자료 미확보→ERA5-Land; 미래 일자료 부재→RDA 월기온 델타 합성; RDA 습도 이상치→과거 습도 고정; 미래 인구 부재→2026-07 인구 고정,20,15,8,2,11,5,1
114,북구,침산1동,2723055000,3441,0.18458686634725838,11.591968505786992,매우 낮음,0.0635163407100916,61,중,최고 열지수 대체치,0.4589357551777546,최대 연속 폭염일,0.084718852243461,54.90914794916392,21.8,3.2,15.2,7.5,23.822066700000022,대구광역시(도시권),Y,행정동 환자자료 부재→구군 환자율 모형; KMA 일자료 미확보→ERA5-Land; 미래 일자료 부재→RDA 월기온 델타 합성; RDA 습도 이상치→과거 습도 고정; 미래 인구 부재→2026-07 인구 고정,20,15,8,2,11,5,1
115,북구,침산2동,2723056000,17835,0.18458686634725838,11.591968505786992,매우 낮음,0.32921067613033533,61,중,최고 열지수 대체치,0.4589357551777546,최대 연속 폭염일,0.084718852243461,54.90914794916392,21.8,3.2,15.2,7.5,23.822066700000022,대구광역시(도시권),Y,행정동 환자자료 부재→구군 환자율 모형; KMA 일자료 미확보→ERA5-Land; 미래 일자료 부재→RDA 월기온 델타 합성; RDA 습도 이상치→과거 습도 고정; 미래 인구 부재→2026-07 인구 고정,20,15,8,2,11,5,1
116,북구,침산3동,2723057000,17704,0.18458686634725838,11.591968505786992,매우 낮음,0.3267925881811862,61,중,최고 열지수 대체치,0.4589357551777546,최대 연속 폭염일,0.084718852243461,54.90914794916392,21.8,3.2,15.2,7.5,23.822066700000022,대구광역시(도시권),Y,행정동 환자자료 부재→구군 환자율 모형; KMA 일자료 미확보→ERA5-Land; 미래 일자료 부재→RDA 월기온 델타 합성; RDA 습도 이상치→과거 습도 고정; 미래 인구 부재→2026-07 인구 고정,20,15,8,2,11,5,1
117,북구,산격1동,2723061000,7370,0.18458686634725838,11.591968505786992,매우 낮음,0.13604052049792942,61,중,최고 열지수 대체치,0.4589357551777546,최대 연속 폭염일,0.084718852243461,54.90914794916392,21.8,3.2,15.2,7.5,23.822066700000022,대구광역시(도시권),Y,행정동 환자자료 부재→구군 환자율 모형; KMA 일자료 미확보→ERA5-Land; 미래 일자료 부재→RDA 월기온 델타 합성; RDA 습도 이상치→과거 습도 고정; 미래 인구 부재→2026-07 인구 고정,20,15,8,2,11,5,1
118,북구,산격2동,2723062000,9376,0.18458686634725838,11.591968505786992,매우 낮음,0.17306864588718945,61,중,최고 열지수 대체치,0.4589357551777546,최대 연속 폭염일,0.084718852243461,54.90914794916392,21.8,3.2,15.2,7.5,23.822066700000022,대구광역시(도시권),Y,행정동 환자자료 부재→구군 환자율 모형; KMA 일자료 미확보→ERA5-Land; 미래 일자료 부재→RDA 월기온 델타 합성; RDA 습도 이상치→과거 습도 고정; 미래 인구 부재→2026-07 인구 고정,20,15,8,2,11,5,1
119,북구,산격3동,2723063000,8390,0.18458686634725838,11.591968505786992,매우 낮음,0.1548683808653498,61,중,최고 열지수 대체치,0.4589357551777546,최대 연속 폭염일,0.084718852243461,54.90914794916392,21.8,3.2,15.2,7.5,23.822066700000022,대구광역시(도시권),Y,행정동 환자자료 부재→구군 환자율 모형; KMA 일자료 미확보→ERA5-Land; 미래 일자료 부재→RDA 월기온 델타 합성; RDA 습도 이상치→과거 습도 고정; 미래 인구 부재→2026-07 인구 고정,20,15,8,2,11,5,1
120,북구,산격4동,2723063100,6961,0.18458686634725838,11.591968505786992,매우 낮음,0.12849091766432655,61,중,최고 열지수 대체치,0.4589357551777546,최대 연속 폭염일,0.084718852243461,54.90914794916392,21.8,3.2,15.2,7.5,23.822066700000022,대구광역시(도시권),Y,행정동 환자자료 부재→구군 환자율 모형; KMA 일자료 미확보→ERA5-Land; 미래 일자료 부재→RDA 월기온 델타 합성; RDA 습도 이상치→과거 습도 고정; 미래 인구 부재→2026-07 인구 고정,20,15,8,2,11,5,1
121,북구,대현동,2723064500,15618,0.18458686634725838,11.591968505786992,매우 낮음,0.2882877678611481,61,중,최고 열지수 대체치,0.4589357551777546,최대 연속 폭염일,0.084718852243461,54.90914794916392,21.8,3.2,15.2,7.5,23.822066700000022,대구광역시(도시권),Y,행정동 환자자료 부재→구군 환자율 모형; KMA 일자료 미확보→ERA5-Land; 미래 일자료 부재→RDA 월기온 델타 합성; RDA 습도 이상치→과거 습도 고정; 미래 인구 부재→2026-07 인구 고정,20,15,8,2,11,5,1
122,북구,복현1동,2723067100,7131,0.18458686634725838,11.591968505786992,매우 낮음,0.13162889439222994,61,중,최고 열지수 대체치,0.4589357551777546,최대 연속 폭염일,0.084718852243461,54.90914794916392,21.8,3.2,15.2,7.5,23.822066700000022,대구광역시(도시권),Y,행정동 환자자료 부재→구군 환자율 모형; KMA 일자료 미확보→ERA5-Land; 미래 일자료 부재→RDA 월기온 델타 합성; RDA 습도 이상치→과거 습도 고정; 미래 인구 부재→2026-07 인구 고정,20,15,8,2,11,5,1
123,북구,복현2동,2723067200,28733,0.18458686634725838,11.591968505786992,매우 낮음,0.5303734430755775,61,중,최고 열지수 대체치,0.4589357551777546,최대 연속 폭염일,0.084718852243461,54.90914794916392,21.8,3.2,15.2,7.5,23.822066700000022,대구광역시(도시권),Y,행정동 환자자료 부재→구군 환자율 모형; KMA 일자료 미확보→ERA5-Land; 미래 일자료 부재→RDA 월기온 델타 합성; RDA 습도 이상치→과거 습도 고정; 미래 인구 부재→2026-07 인구 고정,20,15,8,2,11,5,1
124,북구,검단동,2723068000,5414,0.18458686634725838,11.591968505786992,매우 낮음,0.09993532944040569,61,중,최고 열지수 대체치,0.4589357551777546,최대 연속 폭염일,0.084718852243461,54.90914794916392,21.8,3.2,15.2,7.5,23.822066700000022,대구광역시(도시권),Y,행정동 환자자료 부재→구군 환자율 모형; KMA 일자료 미확보→ERA5-Land; 미래 일자료 부재→RDA 월기온 델타 합성; RDA 습도 이상치→과거 습도 고정; 미래 인구 부재→2026-07 인구 고정,20,15,8,2,11,5,1
125,북구,무태조야동,2723069500,32499,0.18458686634725838,11.591968505786992,매우 낮음,0.5998888569419549,61,중,최고 열지수 대체치,0.4589357551777546,최대 연속 폭염일,0.084718852243461,54.90914794916392,21.8,3.2,15.2,7.5,23.822066700000022,대구광역시(도시권),Y,행정동 환자자료 부재→구군 환자율 모형; KMA 일자료 미확보→ERA5-Land; 미래 일자료 부재→RDA 월기온 델타 합성; RDA 습도 이상치→과거 습도 고정; 미래 인구 부재→2026-07 인구 고정,20,15,8,2,11,5,1
126,북구,태전2동,2723073500,21610,0.18458686634725838,11.591968505786992,매우 낮음,0.39889221817642534,61,중,최고 열지수 대체치,0.4589357551777546,최대 연속 폭염일,0.084718852243461,54.90914794916392,21.8,3.2,15.2,7.5,23.822066700000022,대구광역시(도시권),Y,행정동 환자자료 부재→구군 환자율 모형; KMA 일자료 미확보→ERA5-Land; 미래 일자료 부재→RDA 월기온 델타 합성; RDA 습도 이상치→과거 습도 고정; 미래 인구 부재→2026-07 인구 고정,20,15,8,2,11,5,1
127,북구,구암동,2723074500,30230,0.18458686634725838,11.591968505786992,매우 낮음,0.558006096967762,61,중,최고 열지수 대체치,0.4589357551777546,최대 연속 폭염일,0.084718852243461,54.90914794916392,21.8,3.2,15.2,7.5,23.822066700000022,대구광역시(도시권),Y,행정동 환자자료 부재→구군 환자율 모형; KMA 일자료 미확보→ERA5-Land; 미래 일자료 부재→RDA 월기온 델타 합성; RDA 습도 이상치→과거 습도 고정; 미래 인구 부재→2026-07 인구 고정,20,15,8,2,11,5,1
128,북구,동천동,2723078000,24635,0.18458686634725838,11.591968505786992,매우 낮음,0.454729745246471,61,중,최고 열지수 대체치,0.4589357551777546,최대 연속 폭염일,0.084718852243461,54.90914794916392,21.8,3.2,15.2,7.5,23.822066700000022,대구광역시(도시권),Y,행정동 환자자료 부재→구군 환자율 모형; KMA 일자료 미확보→ERA5-Land; 미래 일자료 부재→RDA 월기온 델타 합성; RDA 습도 이상치→과거 습도 고정; 미래 인구 부재→2026-07 인구 고정,20,15,8,2,11,5,1
129,북구,노원동,2723079000,10954,0.18458686634725838,11.591968505786992,매우 낮음,0.20219645339678682,61,중,최고 열지수 대체치,0.4589357551777546,최대 연속 폭염일,0.084718852243461,54.90914794916392,21.8,3.2,15.2,7.5,23.822066700000022,대구광역시(도시권),Y,행정동 환자자료 부재→구군 환자율 모형; KMA 일자료 미확보→ERA5-Land; 미래 일자료 부재→RDA 월기온 델타 합성; RDA 습도 이상치→과거 습도 고정; 미래 인구 부재→2026-07 인구 고정,20,15,8,2,11,5,1
130,북구,관문동,2723071500,31975,0.18298080549238321,11.39410444321492,매우 낮음,0.5850811255618954,61,중,최고 열지수 대체치,0.4689081942418988,최대 연속 폭염일,0.06600749951002001,54.978907270805315,21.1,3.0,17.4,6.7,23.068313360000026,대구광역시(도시권),Y,행정동 환자자료 부재→구군 환자율 모형; KMA 일자료 미확보→ERA5-Land; 미래 일자료 부재→RDA 월기온 델타 합성; RDA 습도 이상치→과거 습도 고정; 미래 인구 부재→2026-07 인구 고정,20,15,8,2,11,5,1
131,북구,태전1동,2723072500,21074,0.18298080549238321,11.39410444321492,매우 낮음,0.3856137494946484,61,중,최고 열지수 대체치,0.4689081942418988,최대 연속 폭염일,0.06600749951002001,54.978907270805315,21.1,3.0,17.4,6.7,23.068313360000026,대구광역시(도시권),Y,행정동 환자자료 부재→구군 환자율 모형; KMA 일자료 미확보→ERA5-Land; 미래 일자료 부재→RDA 월기온 델타 합성; RDA 습도 이상치→과거 습도 고정; 미래 인구 부재→2026-07 인구 고정,20,15,8,2,11,5,1
132,북구,관음동,2723075000,13689,0.18298080549238321,11.39410444321492,매우 낮음,0.2504824246385234,61,중,최고 열지수 대체치,0.4689081942418988,최대 연속 폭염일,0.06600749951002001,54.978907270805315,21.1,3.0,17.4,6.7,23.068313360000026,대구광역시(도시권),Y,행정동 환자자료 부재→구군 환자율 모형; KMA 일자료 미확보→ERA5-Land; 미래 일자료 부재→RDA 월기온 델타 합성; RDA 습도 이상치→과거 습도 고정; 미래 인구 부재→2026-07 인구 고정,20,15,8,2,11,5,1
133,달성군,유가읍,2771025900,31236,0.1615363677624463,8.75218489456312,매우 낮음,0.5045749983427772,61,중,폭염일수(≥33℃),0.0,최대 연속 폭염일,-0.036904940523905576,49.44786635949386,5.9,0.6,1.4,2.3,5.185338719999996,달성군,Y,행정동 환자자료 부재→구군 환자율 모형; KMA 일자료 미확보→ERA5-Land; 미래 일자료 부재→RDA 월기온 델타 합성; RDA 습도 이상치→과거 습도 고정; 미래 인구 부재→2026-07 인구 고정,20,15,8,2,11,5,1
134,달성군,가창면,2771031000,6719,0.14083271650776308,6.2015290243997265,매우 낮음,0.09462550222156602,61,중,폭염일수(≥33℃),0.0,최대 연속 폭염일,-0.03924385961558569,48.5047816707692,5.4,0.4,0.7,2.2,4.2592293599999955,달성군,Y,행정동 환자자료 부재→구군 환자율 모형; KMA 일자료 미확보→ERA5-Land; 미래 일자료 부재→RDA 월기온 델타 합성; RDA 습도 이상치→과거 습도 고정; 미래 인구 부재→2026-07 인구 고정,20,15,8,2,11,5,1
135,달서구,성당동,2729051500,19920,0.13503114943236438,5.486785478202046,매우 낮음,0.26898204966926986,61,중,폭염일수(≥33℃),0.0,최대 연속 폭염일,-0.04158277870726582,48.44789707164102,5.4,0.4,0.7,2.1,4.237415240000006,대구광역시(도시권),Y,행정동 환자자료 부재→구군 환자율 모형; KMA 일자료 미확보→ERA5-Land; 미래 일자료 부재→RDA 월기온 델타 합성; RDA 습도 이상치→과거 습도 고정; 미래 인구 부재→2026-07 인구 고정,20,15,8,2,11,5,1
136,달서구,상인3동,2729062600,9445,0.13503114943236438,5.486785478202046,매우 낮음,0.12753692063886815,61,중,폭염일수(≥33℃),0.0,최대 연속 폭염일,-0.04158277870726582,48.44789707164102,5.4,0.4,0.7,2.1,4.237415240000006,대구광역시(도시권),Y,행정동 환자자료 부재→구군 환자율 모형; KMA 일자료 미확보→ERA5-Land; 미래 일자료 부재→RDA 월기온 델타 합성; RDA 습도 이상치→과거 습도 고정; 미래 인구 부재→2026-07 인구 고정,20,15,8,2,11,5,1
137,달서구,도원동,2729062800,30857,0.13503114943236438,5.486785478202046,매우 낮음,0.4166656178034468,61,중,폭염일수(≥33℃),0.0,최대 연속 폭염일,-0.04158277870726582,48.44789707164102,5.4,0.4,0.7,2.1,4.237415240000006,대구광역시(도시권),Y,행정동 환자자료 부재→구군 환자율 모형; KMA 일자료 미확보→ERA5-Land; 미래 일자료 부재→RDA 월기온 델타 합성; RDA 습도 이상치→과거 습도 고정; 미래 인구 부재→2026-07 인구 고정,20,15,8,2,11,5,1
138,달서구,송현1동,2729063000,15927,0.13503114943236438,5.486785478202046,매우 낮음,0.21506411170092674,61,중,폭염일수(≥33℃),0.0,최대 연속 폭염일,-0.04158277870726582,48.44789707164102,5.4,0.4,0.7,2.1,4.237415240000006,대구광역시(도시권),Y,행정동 환자자료 부재→구군 환자율 모형; KMA 일자료 미확보→ERA5-Land; 미래 일자료 부재→RDA 월기온 델타 합성; RDA 습도 이상치→과거 습도 고정; 미래 인구 부재→2026-07 인구 고정,20,15,8,2,11,5,1
139,수성구,황금1동,2726060100,20820,0.1142369023221696,2.9249683472624506,매우 낮음,0.2378412306347571,61,중,폭염일수(≥33℃),0.0,최대 연속 폭염일,-0.04158277870726582,48.44789707164102,5.4,0.4,0.7,2.1,4.237415240000006,대구광역시(도시권),Y,행정동 환자자료 부재→구군 환자율 모형; KMA 일자료 미확보→ERA5-Land; 미래 일자료 부재→RDA 월기온 델타 합성; RDA 습도 이상치→과거 습도 고정; 미래 인구 부재→2026-07 인구 고정,20,15,8,2,11,5,1
140,수성구,황금2동,2726060200,11770,0.1142369023221696,2.9249683472624506,매우 낮음,0.13445683403319364,61,중,폭염일수(≥33℃),0.0,최대 연속 폭염일,-0.04158277870726582,48.44789707164102,5.4,0.4,0.7,2.1,4.237415240000006,대구광역시(도시권),Y,행정동 환자자료 부재→구군 환자율 모형; KMA 일자료 미확보→ERA5-Land; 미래 일자료 부재→RDA 월기온 델타 합성; RDA 습도 이상치→과거 습도 고정; 미래 인구 부재→2026-07 인구 고정,20,15,8,2,11,5,1
141,수성구,중동,2726061000,14422,0.1142369023221696,2.9249683472624506,매우 낮음,0.16475246052903297,61,중,폭염일수(≥33℃),0.0,최대 연속 폭염일,-0.04158277870726582,48.44789707164102,5.4,0.4,0.7,2.1,4.237415240000006,대구광역시(도시권),Y,행정동 환자자료 부재→구군 환자율 모형; KMA 일자료 미확보→ERA5-Land; 미래 일자료 부재→RDA 월기온 델타 합성; RDA 습도 이상치→과거 습도 고정; 미래 인구 부재→2026-07 인구 고정,20,15,8,2,11,5,1
142,수성구,상동,2726062000,13938,0.1142369023221696,2.9249683472624506,매우 낮음,0.15922339445664,61,중,폭염일수(≥33℃),0.0,최대 연속 폭염일,-0.04158277870726582,48.44789707164102,5.4,0.4,0.7,2.1,4.237415240000006,대구광역시(도시권),Y,행정동 환자자료 부재→구군 환자율 모형; KMA 일자료 미확보→ERA5-Land; 미래 일자료 부재→RDA 월기온 델타 합성; RDA 습도 이상치→과거 습도 고정; 미래 인구 부재→2026-07 인구 고정,20,15,8,2,11,5,1
143,수성구,파동,2726063000,17133,0.1142369023221696,2.9249683472624506,매우 낮음,0.19572208474857317,61,중,폭염일수(≥33℃),0.0,최대 연속 폭염일,-0.04158277870726582,48.44789707164102,5.4,0.4,0.7,2.1,4.237415240000006,대구광역시(도시권),Y,행정동 환자자료 부재→구군 환자율 모형; KMA 일자료 미확보→ERA5-Land; 미래 일자료 부재→RDA 월기온 델타 합성; RDA 습도 이상치→과거 습도 고정; 미래 인구 부재→2026-07 인구 고정,20,15,8,2,11,5,1
144,수성구,두산동,2726064000,14840,0.1142369023221696,2.9249683472624506,매우 낮음,0.16952756304609967,61,중,폭염일수(≥33℃),0.0,최대 연속 폭염일,-0.04158277870726582,48.44789707164102,5.4,0.4,0.7,2.1,4.237415240000006,대구광역시(도시권),Y,행정동 환자자료 부재→구군 환자율 모형; KMA 일자료 미확보→ERA5-Land; 미래 일자료 부재→RDA 월기온 델타 합성; RDA 습도 이상치→과거 습도 고정; 미래 인구 부재→2026-07 인구 고정,20,15,8,2,11,5,1
145,수성구,지산1동,2726065100,18617,0.1142369023221696,2.9249683472624506,매우 낮음,0.21267484105318313,61,중,폭염일수(≥33℃),0.0,최대 연속 폭염일,-0.04158277870726582,48.44789707164102,5.4,0.4,0.7,2.1,4.237415240000006,대구광역시(도시권),Y,행정동 환자자료 부재→구군 환자율 모형; KMA 일자료 미확보→ERA5-Land; 미래 일자료 부재→RDA 월기온 델타 합성; RDA 습도 이상치→과거 습도 고정; 미래 인구 부재→2026-07 인구 고정,20,15,8,2,11,5,1
146,수성구,지산2동,2726065200,18149,0.1142369023221696,2.9249683472624506,매우 낮음,0.2073285540245056,61,중,폭염일수(≥33℃),0.0,최대 연속 폭염일,-0.04158277870726582,48.44789707164102,5.4,0.4,0.7,2.1,4.237415240000006,대구광역시(도시권),Y,행정동 환자자료 부재→구군 환자율 모형; KMA 일자료 미확보→ERA5-Land; 미래 일자료 부재→RDA 월기온 델타 합성; RDA 습도 이상치→과거 습도 고정; 미래 인구 부재→2026-07 인구 고정,20,15,8,2,11,5,1
147,수성구,범물2동,2726066200,15526,0.1142369023221696,2.9249683472624506,매우 낮음,0.17736421454540052,61,중,폭염일수(≥33℃),0.0,최대 연속 폭염일,-0.04158277870726582,48.44789707164102,5.4,0.4,0.7,2.1,4.237415240000006,대구광역시(도시권),Y,행정동 환자자료 부재→구군 환자율 모형; KMA 일자료 미확보→ERA5-Land; 미래 일자료 부재→RDA 월기온 델타 합성; RDA 습도 이상치→과거 습도 고정; 미래 인구 부재→2026-07 인구 고정,20,15,8,2,11,5,1
148,북구,국우동,2723080000,29112,0.10488257082414107,1.7725300525194552,매우 낮음,0.30533414018323946,61,중,최대 연속 폭염일,0.0051956031263367,폭염일수(≥33℃),0.0,51.51118492180035,10.9,0.9,7.8,4.1,9.250046520000012,대구광역시(도시권),Y,행정동 환자자료 부재→구군 환자율 모형; KMA 일자료 미확보→ERA5-Land; 미래 일자료 부재→RDA 월기온 델타 합성; RDA 습도 이상치→과거 습도 고정; 미래 인구 부재→2026-07 인구 고정,20,15,8,2,11,5,1
149,북구,읍내동,2723077000,24576,0.07524182882755388,0.0,매우 낮음,0.18491431852659643,61,중,폭염일수(≥33℃),0.0,최대 연속 폭염일,-0.029888183248865184,49.433255531930826,5.7,0.3,2.3,2.6,4.873783000000005,대구광역시(도시권),Y,행정동 환자자료 부재→구군 환자율 모형; KMA 일자료 미확보→ERA5-Land; 미래 일자료 부재→RDA 월기온 델타 합성; RDA 습도 이상치→과거 습도 고정; 미래 인구 부재→2026-07 인구 고정,20,15,8,2,11,5,1
150,동구,공산동,2714076000,19708,0.05626492701249189,0.0,매우 낮음,0.11088691815621901,61,중,폭염일수(≥33℃),0.0,최대 연속 폭염일,-0.08602224144918821,42.150579732554185,0.3,0.0,0.0,0.2,0.07963993999999985,대구광역시(도시권),Y,행정동 환자자료 부재→구군 환자율 모형; KMA 일자료 미확보→ERA5-Land; 미래 일자료 부재→RDA 월기온 델타 합성; RDA 습도 이상치→과거 습도 고정; 미래 인구 부재→2026-07 인구 고정,20,15,8,2,11,5,1
