행정동,관리번호,소재지주소,설치장소,그늘막지름(M),데이터기준일자
범어1동,범어2,대구광역시 수성구 동대구로 330   (범어동),범어네거리 남동편(수성구청 라인),5,2025-07-19
범어1동,범어3,대구광역시 수성구 동대구로 313   (범어동),범어네거리 남서편(범어지구대 앞),5,2025-07-19
범어1동,범어1동1,대구광역시 수성구 달구벌대로 2372   (범어동),범어천네거리 분더레스트 앞,5,2025-07-19
범어1동,범어1동2,대구광역시 수성구 동대구로 255   (범어동),범어1동 SK LPG 충전소 앞,5,2025-07-19
범어1동,범어1동3,대구광역시 수성구 명덕로 497   (범어동),대백마트 앞,5.4,2025-07-19
범어1동,범어1동4,대구광역시 수성구 동대구로 248   (범어동),동대구로 250(태왕유성하이빌 상가 안경가게 앞),5.4,2025-07-19
범어1동,범어1동5,대구광역시 수성구 명덕로 488   (범어동),cu수성제일점 옆,5.4,2025-07-19
범어1동,범어1동6,대구광역시 수성구 명덕로 485,거송갈비찜 범어점 앞 ,4.4,2025-07-19
범어2동,범어1,대구광역시 수성구 달구벌대로 2401   (범어동),범어네거리 북동편(교직원공제회 앞),5,2025-07-19
범어2동,범어2동1,대구광역시 수성구 국채보상로 942   (범어동),카닥터 앞,5,2025-07-19
범어2동,범어2동3,대구광역시 수성구 세진로 36,에이스탑마트 앞,5.4,2025-07-19
범어3동,범어4,대구광역시 수성구 달구벌대로 2401   (범어동),범어네거리 북서편(수성구청 대각선방향),5,2025-07-19
범어3동,MBC1,대구광역시 수성구 동대구로 405,MBC네거리 남서편(기아자동차 앞),5,2025-07-19
범어3동,동신교1,대구광역시 수성구 신천동로 496,동신교 교차로 남동편(중앙중학교 앞),5,2025-07-19
범어3동,청구 1,대구광역시 수성구 국채보상로 800,청구네거리 교통섬(KT 앞),5,2025-07-19
범어3동,동신교2,대구광역시 수성구 범어동 1019,중앙중학교 건너편 인자수성돌비석 앞,5.4,2025-07-19
만촌1동,만촌1동 1,대구광역시 수성구 국채보상로 913,동대구LPG충전소 앞 교통섬,5,2025-07-19
만촌1동,만촌1동 2,대구광역시 수성구 국채보상로 989,차량등록사업소 건너편 교통섬(현대블루핸즈 앞),5,2025-07-19
만촌1동,만촌1동 3,대구광역시 수성구 무열로 167,수성시니어클럽 건너편 교통섬,5,2025-07-19
만촌1동,만촌1동 4,대구광역시 수성구 만촌동 468-8,무열대 후문 고모로 입구 ,5.4,2025-07-19
만촌2동,만촌 4,대구광역시 수성구 무열로 5 ,만촌네거리 남서편(메트로병원 앞),5,2025-07-19
만촌2동,만촌2동1,대구 수성구 만촌동,무열대삼거리 교통섬,5,2025-07-19
만촌2동,만촌2동2,대구 수성구 만촌동,동원초사거리 교통섬,5,2025-07-19
만촌2동,만촌2동3,대구광역시 수성구 세진로 41,동원초 남편 교차로 신현대카클리닉 앞 교통섬,5.4,2025-07-19
만촌2동,만촌2동4,대구 수성구 달구벌대로 2599,만촌역태왕디아너스 105동 앞 ,5.4,2025-07-19
만촌3동,만촌3,대구광역시 수성구 달구벌대로 2594   (만촌동),만촌네거리 남서편 교통섬,5,2025-07-19
만촌3동,담티1,대구 수성구 달구벌대로 2670,담티역2번출구 파리바게뜨 만촌금탑점 앞 ,5.4,2025-07-19
수성1가동,동성학교1,대구 수성구 수성1가동,동성학교네거리 북서편(KT대리점 앞),5,2025-07-19
수성1가동,수성교 1,대구 수성구 수성1가동,수성교 부근 교통섬(수성태왕아너스클럽 앞),5,2025-07-19
수성1가동,수성1가 1,대구 수성구 수성1가동,수성롯데캐슬더퍼스트 2단지 상가 앞(아름다운 가게 앞),5,2025-07-19
수성1가동,수성1가2,대구광역시 수성구 명덕로 398,동성학교네거리 LG유플러스 앞,5.4,2025-07-19
수성2.3가동,대구은행1,대구광역시 수성구 달구벌대로 지하2300   (수성동4가),대구은행 본점 앞(대구은행역 3번출구 앞),5,2025-07-19
수성2.3가동,수성23가2,대구광역시 수성구 명덕로 438   (수성동3가),우리연합정형외과 앞,5,2025-07-19
수성2.3가동,수성23가3,대구광역시 수성구 명덕로 432   (수성동3가),수성시장네거리 남동편(제니스연합내과 앞),5,2025-07-19
수성2.3가동,수성23가4,대구 수성구 수성2.3가동,화성파크드림2단지 204동 앞,5.4,2025-07-19
수성2.3가동,수성23가5,대구광역시 수성구 달구벌대로 2334   (수성동3가),카페공차 앞,5.4,2025-07-19
수성2.3가동,수성23가6,대구광역시 수성구 명덕로 428   (수성동2가),베스킨라빈스 앞,5.4,2025-07-19
수성2.3가동,수성23가7,대구 수성구 수성2.3가동,수성23가 275(화성파크2단지 203동 앞),5.4,2025-07-19
수성2.3가동,수성23가8,"대구광역시 수성구 들안로 300   (수성동3가, 수성 코오롱 하늘채)",수성23가 289(코오롱하늘채 102동 코너),5,2025-07-19
수성2.3가동,수성23가1,대구 수성구 수성2.3가동,롯데캐슬 동남편 광장,5,2025-07-19
수성2.3가동,수성시장1,대구광역시 수성구 명덕로 425,수성시장네거리 뉴덕산약국 앞 ,5.4,2025-07-19
수성2.3가동,동성학교1,대구광역시 수성구 명덕로 402,동성학교네거리 금아당 앞,5.4,2025-07-19
수성4가동,수성4가1,대구광역시 수성구 달구벌대로 2367 ,하나은행 범어동지점 앞,5.4,2025-07-19
수성4가동,수성4가2,대구광역시 수성구 범어천로 205   (수성동4가),다빈치커피 수성월드점 앞,5,2025-07-19
수성4가동,수성4가3,"대구광역시 수성구 들안로 360  (수성동4가, 수성 태영 데시앙)",105동 근처 신천시장네거리 남동편,5.4,2025-07-19
수성4가동,수성4가4,대구광역시 수성구 달구벌대로 2327   (수성동4가),시몬스침대 앞,5.4,2025-07-19
수성4가동,수성4가5,대구광역시 수성구 신천동로 442,삼수장어 본점 건너편,5.4,2025-07-19
수성4가동,수성4가6,"대구광역시 수성구 수성로 412  (수성동4가, 수성보성타운아파트)",씨티은행 앞,5.4,2025-07-19
수성4가동,수성4가7,대구광역시 수성구 수성로 393,화성수성하이츠 102동 앞,4.4,2025-07-19
황금1동,황금1동3,"대구광역시 수성구 청수로 214   (황금동, 캐슬골드파크5단지)",황금동531(캐슬골드파크 1505동 앞),5.4,2025-07-19
황금1동,황금1동 1,대구 수성구 황금1동,노인종합복지회관 오거리 교통섬,5,2025-07-19
황금1동,황금1동 2,대구광역시 수성구 청수로 235,IM뱅크 황금동지점 건너편,5.5,2025-07-19
황금1동,황금1동 4,대구광역시 수성구 청수로 284,황금고가교네거리 교통섬 (권한방한의원 앞),4.4,2025-07-19
황금2동,황금2동3,대구광역시 수성구 동대구로 166   (황금동),황금2동 자금성 건너편 횡단보도,5,2025-07-19
황금2동,황금2동4,대구광역시 수성구 동대구로 149   (황금동),황금2동 코아시스 건너편,5,2025-07-19
황금2동,어린이세상1,대구광역시 수성구 동대구로 166   (황금동),어린이세상 동편(어린이세상 방면),5,2025-07-19
황금2동,어린이세상2,대구광역시 수성구 동대구로 166   (황금동),어린이세상역 서편(전자랜드 방면),5,2025-07-19
황금2동,황금2동1,대구광역시 수성구 동대구로 166   (황금동),르노삼성자동차 수성지점 건너편 횡단보도,5,2025-07-19
황금2동,황금2동2,대구광역시 수성구 동대구로 150   (황금동),과학고등학교 건너편(메르세데스벤츠 맞은편),5,2025-07-19
황금2동,황금2동5,대구광역시 수성구 동대구로 110,황금네거리 삼성스토어 동대구,4.4,2025-07-19
황금2동,황금2동6,대구광역시 수성구 동대구로 111,황금네거리 iM뱅크황금네거리지점 ,4.4,2025-07-19
중동,중동5,대구광역시 수성구 희망로 124   (중동),중동 320-3(NH농협은행 앞),5.4,2025-07-19
중동,중동 4,대구 수성구 중동,중동네거리 우리은행 앞,5,2025-07-19
상동,상동1,대구광역시 수성구 청수로 40   (상동),중동네거리 남동편(1번지공인중개사 앞),5,2025-07-19
상동,상동2,대구광역시 수성구 무학로 21   (상동),꿈그리기종합건설 앞,5.4,2025-07-19
상동,상동3,대구광역시 수성구 신천동로 51  (상동),상동 LPG충전소 건너편 교통섬,5.4,2025-07-19
상동,상동교1,대구광역시 수성구 상동 197-1번지,상동교 입구 교통섬,5.4,2025-07-19
파동,파동 1,대구광역시 수성구 파동로48길 3   (파동),대백마트 건너편 교통섬,5,2025-07-19
파동,파동 2,대구광역시 수성구 파동로 190,수성더팰리스푸르지오더샵 상가 SKT 앞 ,5.4,2025-07-19
두산동,두산1,대구 수성구 두산동,두산오거리 남서편(상화동산 앞),5,2025-07-19
두산동,두산2,대구 수성구 두산동,두산오거리 남서편(두산폭포 앞),5,2025-07-19
두산동,두산3,대구광역시 수성구 동대구로 1   (두산동),두산오거리 북서편(TBC 방면),5,2025-07-19
두산동,황금2,대구광역시 수성구 동대구로 100   (두산동),황금네거리 서편(SK리더스뷰 앞),5,2025-07-19
두산동,두산동1,대구 수성구 두산동,수성못 수성호텔 앞 교통섬,5,2025-07-19
두산동,두산동2,대구 수성구 두산동,두산동178-15  (신신반점앞/두산동행정복지센터 건너편),5.4,2025-07-19
두산동,두산동3,대구광역시 수성구 동대구로 95  (두산동),수성SK리더스뷰아파트 101동 앞 교통섬,5.4,2025-07-19
두산동,두산동4,대구 수성구 두산동,수성SK리더스뷰아파트 101동 앞 교통섬 건너편,5.4,2025-07-19
두산동,두산동5,대구광역시 수성구 동대구로 55  (두산동),강남포차 건너편,5.4,2025-07-19
지산1동,지산1,대구 수성구 지산1동,지산네거리 북동편(지산청구아파트 102동 앞),5,2025-07-19
지산1동,황금1,대구광역시 수성구 동대구로 100   (두산동),황금네거리 동편(SK리더스뷰 건너),5,2025-07-19
지산1동,지산1동2,대구광역시 수성구 동대구로 84  (지산동),포르쉐센터 건너편,5.4,2025-07-19
지산1동,지산1동3,대구광역시 수성구 동대구로 60  (지산동),자인한우촌 건너편,5.4,2025-07-19
지산1동,두산오거리1,대구광역시 수성구 동대구로 10,두산오거리 더파크수성못오피스텔 앞 ,5.4,2025-07-19
지산2동,지산2동 1,대구 수성구 지산2동,화성어린이공원 앞,5,2025-07-19
지산2동,용지초1,대구광역시 수성구 지산로 12,용지초등학교 네거리 용지초 앞,5.4,2025-07-19
범물1동,범물1,대구광역시 수성구 지범로 191   (범물동),동아백화점 수성점 앞,5,2025-07-19
범물1동,용지역1,대구광역시 수성구 범안로 83,3호선 용지역 1번출구 앞,5.4,2025-07-19
범물2동,용지1,대구광역시 수성구 지범로 194   (범물동),용지네거리 북서편(범물공원 앞),5,2025-07-19
범물2동,범일초2,대구 수성구 범물2동,범일초등학교 교차로(엘르 카페 앞),5,2025-07-19
범물2동,범물2동1,대구 수성구 범물2동,수성하늘채 CU편의점 앞,5.4,2025-07-19
범물2동,범물공원1,대구 수성구 범물2동,범물근린공원 앞(공원 화장실 앞),5,2025-07-19
범물2동,범일초 1,대구 수성구 범물2동,범일초등학교 교차로(KT범물지점 앞),5,2025-07-19
고산1동,신매2,대구광역시 수성구 달구벌대로 3188   (신매동),신매네거리 남동편(하나은행 앞),5,2025-07-19
고산1동,신매 3,대구 수성구 고산1동,신매네거리 남서편(신매우체국 앞),5,2025-07-19
고산1동,고산1동2,대구 수성구 고산1동,달구벌대로 3304(369안경원 앞),5,2025-07-19
고산1동,고산1동3,대구 수성구 고산1동,시지고,5.4,2025-07-19
고산1동,고산1동4,대구 수성구 고산1동,신매광장 입구,5.4,2025-07-19
고산1동,고산1동5,대구 수성구 고산1동,시지효성백년가약 1단지 건너편,5.4,2025-07-19
고산1동,고산1동1,대구광역시 수성구 신매동 571번지 ,신매시장 입구,5,2025-07-19
고산1동,신매초1,대구광역시 수성구 달구벌대로650길 26,신매초등학교사거리 신매초 쪽 ,4.4,2025-07-19
고산1동,신매초2,대구광역시 수성구 신매로 71,신매초등학교사거리 시지천마타운아파트 쪽 ,5.4,2025-07-19
고산2동,시설1,대구광역시 수성구 달구벌대로541길 47   (고모동),명복공원,5,2025-07-19
고산2동,고산2동1,대구광역시 수성구 알파시티2로 29   (시지동),고산2동 범영빌딩 앞,5,2025-07-19
고산2동,고산2동2,대구광역시 수성구 알파시티2로 33   (시지동),나이스마트 앞,5,2025-07-19
고산2동,고산2동3,대구 수성구 고산2동,경기장네거리 교통섬,5.4,2025-07-19
고산2동,고산2동4,대구 수성구 고산2동,디지털산업진흥원 앞,5.4,2025-07-19
고산2동,고산2동5,대구 수성구 고산2동,초심스터디카페 코너,5.4,2025-07-19
고산2동,고산2동6,대구 수성구 고산2동,스타디움CGV입구 교통섬,5.4,2025-07-19
고산3동,신매1,대구 수성구 고산3동,신매네거리 북동편(시지근린공원 앞),5,2025-07-19
고산3동,신매4,대구광역시 수성구 달구벌대로 3181   (매호동),신매네거리 북서편(남경고기마트 앞),5,2025-07-19
